REFERENCE_ID,TREATMENT,GENERATION,PATCH,CASTCOUNT,CONFCOUNT
1,A,0,1,50,0
1,A,0,2,0,0
1,A,0,3,0,0
1,A,0,4,0,0
1,A,0,5,0,0
1,A,0,6,0,0
1,A,0,7,0,0
1,A,0,8,0,0
1,A,0,9,0,0
1,A,0,10,0,0
1,A,0,11,0,0
1,A,0,12,0,0
1,A,0,13,0,0
1,A,0,14,0,0
1,A,0,15,0,0
1,A,0,16,0,0
1,A,1,1,60,0
1,A,1,2,43,0
1,A,1,3,29,0
1,A,1,4,0,0
1,A,1,5,0,0
1,A,1,6,0,0
1,A,1,7,0,0
1,A,1,8,0,0
1,A,1,9,0,0
1,A,1,10,0,0
1,A,1,11,0,0
1,A,1,12,0,0
1,A,1,13,0,0
1,A,1,14,0,0
1,A,1,15,0,0
1,A,1,16,0,0
1,A,2,1,84,0
1,A,2,2,79,0
1,A,2,3,22,0
1,A,2,4,40,0
1,A,2,5,19,0
1,A,2,6,0,0
1,A,2,7,0,0
1,A,2,8,0,0
1,A,2,9,0,0
1,A,2,10,0,0
1,A,2,11,0,0
1,A,2,12,0,0
1,A,2,13,0,0
1,A,2,14,0,0
1,A,2,15,0,0
1,A,2,16,0,0
1,A,3,1,166,0
1,A,3,2,179,0
1,A,3,3,126,0
1,A,3,4,173,0
1,A,3,5,100,0
1,A,3,6,0,0
1,A,3,7,0,0
1,A,3,8,0,0
1,A,3,9,0,0
1,A,3,10,0,0
1,A,3,11,0,0
1,A,3,12,0,0
1,A,3,13,0,0
1,A,3,14,0,0
1,A,3,15,0,0
1,A,3,16,0,0
1,A,4,1,208,0
1,A,4,2,211,0
1,A,4,3,144,0
1,A,4,4,170,0
1,A,4,5,110,0
1,A,4,6,73,0
1,A,4,7,26,0
1,A,4,8,9,0
1,A,4,9,0,0
1,A,4,10,0,0
1,A,4,11,0,0
1,A,4,12,0,0
1,A,4,13,0,0
1,A,4,14,0,0
1,A,4,15,0,0
1,A,4,16,0,0
1,A,5,1,66,0
1,A,5,2,65,0
1,A,5,3,33,0
1,A,5,4,57,0
1,A,5,5,29,0
1,A,5,6,19,0
1,A,5,7,23,0
1,A,5,8,21,0
1,A,5,9,7,0
1,A,5,10,0,0
1,A,5,11,0,0
1,A,5,12,0,0
1,A,5,13,0,0
1,A,5,14,0,0
1,A,5,15,0,0
1,A,5,16,0,0
1,A,6,1,157,0
1,A,6,2,124,0
1,A,6,3,190,0
1,A,6,4,98,0
1,A,6,5,150,0
1,A,6,6,132,0
1,A,6,7,64,0
1,A,6,8,54,0
1,A,6,9,49,0
1,A,6,10,34,0
1,A,6,11,15,0
1,A,6,12,6,0
1,A,6,13,0,0
1,A,6,14,0,0
1,A,6,15,0,0
1,A,6,16,0,0
1,A,7,1,250,0
1,A,7,2,152,0
1,A,7,3,217,0
1,A,7,4,191,0
1,A,7,5,294,0
1,A,7,6,142,0
1,A,7,7,187,0
1,A,7,8,125,0
1,A,7,9,93,0
1,A,7,10,78,0
1,A,7,11,39,0
1,A,7,12,51,0
1,A,7,13,42,0
1,A,7,14,1,0
1,A,7,15,0,0
1,A,7,16,0,0
1,A,8,1,148,0
1,A,8,2,244,0
1,A,8,3,274,0
1,A,8,4,170,0
1,A,8,5,205,0
1,A,8,6,207,0
1,A,8,7,220,0
1,A,8,8,117,0
1,A,8,9,153,0
1,A,8,10,174,0
1,A,8,11,187,0
1,A,8,12,108,0
1,A,8,13,49,0
1,A,8,14,80,0
1,A,8,15,40,0
1,A,8,16,3,0
2,A,0,1,50,0
2,A,0,2,0,0
2,A,0,3,0,0
2,A,0,4,0,0
2,A,0,5,0,0
2,A,0,6,0,0
2,A,0,7,0,0
2,A,0,8,0,0
2,A,0,9,0,0
2,A,0,10,0,0
2,A,0,11,0,0
2,A,0,12,0,0
2,A,0,13,0,0
2,A,0,14,0,0
2,A,0,15,0,0
2,A,0,16,0,0
2,A,1,1,9,0
2,A,1,2,40,0
2,A,1,3,35,0
2,A,1,4,1,0
2,A,1,5,0,0
2,A,1,6,0,0
2,A,1,7,0,0
2,A,1,8,0,0
2,A,1,9,0,0
2,A,1,10,0,0
2,A,1,11,0,0
2,A,1,12,0,0
2,A,1,13,0,0
2,A,1,14,0,0
2,A,1,15,0,0
2,A,1,16,0,0
2,A,2,1,92,0
2,A,2,2,40,0
2,A,2,3,43,0
2,A,2,4,36,0
2,A,2,5,48,0
2,A,2,6,49,0
2,A,2,7,3,0
2,A,2,8,0,0
2,A,2,9,0,0
2,A,2,10,0,0
2,A,2,11,0,0
2,A,2,12,0,0
2,A,2,13,0,0
2,A,2,14,0,0
2,A,2,15,0,0
2,A,2,16,0,0
2,A,3,1,155,0
2,A,3,2,197,0
2,A,3,3,138,0
2,A,3,4,134,0
2,A,3,5,179,0
2,A,3,6,91,0
2,A,3,7,73,0
2,A,3,8,5,0
2,A,3,9,0,0
2,A,3,10,0,0
2,A,3,11,0,0
2,A,3,12,0,0
2,A,3,13,0,0
2,A,3,14,0,0
2,A,3,15,0,0
2,A,3,16,0,0
2,A,4,1,225,0
2,A,4,2,205,0
2,A,4,3,179,0
2,A,4,4,210,0
2,A,4,5,220,0
2,A,4,6,189,0
2,A,4,7,94,0
2,A,4,8,22,0
2,A,4,9,0,0
2,A,4,10,0,0
2,A,4,11,0,0
2,A,4,12,0,0
2,A,4,13,0,0
2,A,4,14,0,0
2,A,4,15,0,0
2,A,4,16,0,0
2,A,5,1,93,0
2,A,5,2,11,0
2,A,5,3,92,0
2,A,5,4,29,0
2,A,5,5,63,0
2,A,5,6,38,0
2,A,5,7,57,0
2,A,5,8,10,0
2,A,5,9,24,0
2,A,5,10,0,0
2,A,5,11,0,0
2,A,5,12,0,0
2,A,5,13,0,0
2,A,5,14,0,0
2,A,5,15,0,0
2,A,5,16,0,0
2,A,6,1,159,0
2,A,6,2,124,0
2,A,6,3,193,0
2,A,6,4,102,0
2,A,6,5,97,0
2,A,6,6,141,0
2,A,6,7,96,0
2,A,6,8,121,0
2,A,6,9,130,0
2,A,6,10,0,0
2,A,6,11,0,0
2,A,6,12,0,0
2,A,6,13,0,0
2,A,6,14,0,0
2,A,6,15,0,0
2,A,6,16,0,0
2,A,7,1,156,0
2,A,7,2,257,0
2,A,7,3,111,0
2,A,7,4,202,0
2,A,7,5,133,0
2,A,7,6,119,0
2,A,7,7,227,0
2,A,7,8,125,0
2,A,7,9,41,0
2,A,7,10,76,0
2,A,7,11,32,0
2,A,7,12,53,0
2,A,7,13,0,0
2,A,7,14,0,0
2,A,7,15,0,0
2,A,7,16,0,0
2,A,8,1,211,0
2,A,8,2,191,0
2,A,8,3,245,0
2,A,8,4,220,0
2,A,8,5,150,0
2,A,8,6,238,0
2,A,8,7,150,0
2,A,8,8,180,0
2,A,8,9,154,0
2,A,8,10,123,0
2,A,8,11,75,0
2,A,8,12,40,0
2,A,8,13,45,0
2,A,8,14,3,0
2,A,8,15,0,0
2,A,8,16,0,0
3,A,0,1,50,0
3,A,0,2,0,0
3,A,0,3,0,0
3,A,0,4,0,0
3,A,0,5,0,0
3,A,0,6,0,0
3,A,0,7,0,0
3,A,0,8,0,0
3,A,0,9,0,0
3,A,0,10,0,0
3,A,0,11,0,0
3,A,0,12,0,0
3,A,0,13,0,0
3,A,0,14,0,0
3,A,0,15,0,0
3,A,0,16,0,0
3,A,1,1,27,0
3,A,1,2,28,0
3,A,1,3,41,0
3,A,1,4,0,0
3,A,1,5,0,0
3,A,1,6,0,0
3,A,1,7,0,0
3,A,1,8,0,0
3,A,1,9,0,0
3,A,1,10,0,0
3,A,1,11,0,0
3,A,1,12,0,0
3,A,1,13,0,0
3,A,1,14,0,0
3,A,1,15,0,0
3,A,1,16,0,0
3,A,2,1,58,0
3,A,2,2,35,0
3,A,2,3,33,0
3,A,2,4,38,0
3,A,2,5,4,0
3,A,2,6,0,0
3,A,2,7,0,0
3,A,2,8,0,0
3,A,2,9,0,0
3,A,2,10,0,0
3,A,2,11,0,0
3,A,2,12,0,0
3,A,2,13,0,0
3,A,2,14,0,0
3,A,2,15,0,0
3,A,2,16,0,0
3,A,3,1,95,0
3,A,3,2,211,0
3,A,3,3,87,0
3,A,3,4,46,0
3,A,3,5,58,0
3,A,3,6,18,0
3,A,3,7,16,0
3,A,3,8,0,0
3,A,3,9,0,0
3,A,3,10,0,0
3,A,3,11,0,0
3,A,3,12,0,0
3,A,3,13,0,0
3,A,3,14,0,0
3,A,3,15,0,0
3,A,3,16,0,0
3,A,4,1,157,0
3,A,4,2,161,0
3,A,4,3,164,0
3,A,4,4,106,0
3,A,4,5,76,0
3,A,4,6,89,0
3,A,4,7,42,0
3,A,4,8,46,0
3,A,4,9,14,0
3,A,4,10,0,0
3,A,4,11,0,0
3,A,4,12,0,0
3,A,4,13,0,0
3,A,4,14,0,0
3,A,4,15,0,0
3,A,4,16,0,0
3,A,5,1,55,0
3,A,5,2,121,0
3,A,5,3,67,0
3,A,5,4,49,0
3,A,5,5,56,0
3,A,5,6,52,0
3,A,5,7,65,0
3,A,5,8,34,0
3,A,5,9,14,0
3,A,5,10,21,0
3,A,5,11,2,0
3,A,5,12,0,0
3,A,5,13,0,0
3,A,5,14,0,0
3,A,5,15,0,0
3,A,5,16,0,0
3,A,6,1,188,0
3,A,6,2,151,0
3,A,6,3,160,0
3,A,6,4,169,0
3,A,6,5,124,0
3,A,6,6,144,0
3,A,6,7,121,0
3,A,6,8,74,0
3,A,6,9,84,0
3,A,6,10,32,0
3,A,6,11,44,0
3,A,6,12,10,0
3,A,6,13,0,0
3,A,6,14,0,0
3,A,6,15,0,0
3,A,6,16,0,0
3,A,7,1,205,0
3,A,7,2,235,0
3,A,7,3,265,0
3,A,7,4,356,0
3,A,7,5,160,0
3,A,7,6,217,0
3,A,7,7,307,0
3,A,7,8,164,0
3,A,7,9,140,0
3,A,7,10,115,0
3,A,7,11,41,0
3,A,7,12,128,0
3,A,7,13,0,0
3,A,7,14,0,0
3,A,7,15,0,0
3,A,7,16,0,0
3,A,8,1,261,0
3,A,8,2,327,0
3,A,8,3,152,0
3,A,8,4,255,0
3,A,8,5,166,0
3,A,8,6,202,0
3,A,8,7,195,0
3,A,8,8,51,0
3,A,8,9,163,0
3,A,8,10,146,0
3,A,8,11,193,0
3,A,8,12,42,0
3,A,8,13,91,0
3,A,8,14,41,0
3,A,8,15,24,0
3,A,8,16,1,0
14,D,0,1,50,0
14,D,0,2,0,0
14,D,0,3,0,0
14,D,0,4,0,0
14,D,0,5,0,0
14,D,0,6,0,0
14,D,0,7,0,0
14,D,0,8,0,0
14,D,0,9,0,50
14,D,0,10,0,50
14,D,0,11,0,50
14,D,0,12,0,50
14,D,0,13,0,50
14,D,0,14,0,50
14,D,0,15,0,50
14,D,0,16,0,50
14,D,1,1,8,0
14,D,1,2,44,0
14,D,1,3,44,0
14,D,1,4,11,0
14,D,1,5,0,0
14,D,1,6,0,0
14,D,1,7,0,0
14,D,1,8,0,28
14,D,1,9,0,219
14,D,1,10,0,109
14,D,1,11,0,196
14,D,1,12,0,96
14,D,1,13,0,171
14,D,1,14,0,196
14,D,1,15,0,117
14,D,1,16,0,143
14,D,2,1,65,0
14,D,2,2,97,0
14,D,2,3,15,0
14,D,2,4,7,0
14,D,2,5,0,0
14,D,2,6,0,0
14,D,2,7,0,1
14,D,2,8,0,174
14,D,2,9,0,380
14,D,2,10,0,210
14,D,2,11,0,250
14,D,2,12,0,206
14,D,2,13,0,352
14,D,2,14,0,392
14,D,2,15,0,287
14,D,2,16,0,213
14,D,3,1,186,0
14,D,3,2,197,0
14,D,3,3,148,0
14,D,3,4,53,0
14,D,3,5,50,0
14,D,3,6,67,0
14,D,3,7,1,7
14,D,3,8,0,387
14,D,3,9,0,211
14,D,3,10,0,208
14,D,3,11,0,236
14,D,3,12,0,485
14,D,3,13,0,97
14,D,3,14,0,401
14,D,3,15,0,313
14,D,3,16,0,118
14,D,4,1,233,0
14,D,4,2,197,0
14,D,4,3,175,0
14,D,4,4,121,1
14,D,4,5,154,1
14,D,4,6,157,17
14,D,4,7,13,121
14,D,4,8,5,227
14,D,4,9,0,197
14,D,4,10,0,270
14,D,4,11,0,237
14,D,4,12,0,200
14,D,4,13,0,74
14,D,4,14,0,155
14,D,4,15,0,170
14,D,4,16,0,217
14,D,5,1,40,0
14,D,5,2,69,1
14,D,5,3,60,2
14,D,5,4,68,4
14,D,5,5,32,16
14,D,5,6,44,50
14,D,5,7,29,128
14,D,5,8,4,189
14,D,5,9,2,181
14,D,5,10,0,262
14,D,5,11,0,163
14,D,5,12,0,228
14,D,5,13,0,297
14,D,5,14,0,220
14,D,5,15,0,361
14,D,5,16,0,254
14,D,6,1,132,0
14,D,6,2,224,0
14,D,6,3,88,0
14,D,6,4,334,0
14,D,6,5,37,92
14,D,6,6,91,134
14,D,6,7,35,206
14,D,6,8,9,298
14,D,6,9,6,334
14,D,6,10,0,299
14,D,6,11,1,359
14,D,6,12,0,320
14,D,6,13,0,393
14,D,6,14,0,458
14,D,6,15,0,432
14,D,6,16,0,224
14,D,7,1,345,0
14,D,7,2,170,0
14,D,7,3,260,0
14,D,7,4,448,31
14,D,7,5,190,124
14,D,7,6,189,226
14,D,7,7,45,207
14,D,7,8,16,208
14,D,7,9,12,346
14,D,7,10,2,237
14,D,7,11,6,357
14,D,7,12,0,315
14,D,7,13,1,250
14,D,7,14,0,174
14,D,7,15,0,196
14,D,7,16,0,221
14,D,8,1,215,0
14,D,8,2,279,2
14,D,8,3,265,27
14,D,8,4,177,50
14,D,8,5,115,136
14,D,8,6,50,147
14,D,8,7,53,221
14,D,8,8,18,282
14,D,8,9,64,291
14,D,8,10,8,306
14,D,8,11,7,489
14,D,8,12,2,181
14,D,8,13,2,343
14,D,8,14,3,464
14,D,8,15,0,460
14,D,8,16,0,317
15,D,0,1,50,0
15,D,0,2,0,0
15,D,0,3,0,0
15,D,0,4,0,0
15,D,0,5,0,0
15,D,0,6,0,0
15,D,0,7,0,0
15,D,0,8,0,0
15,D,0,9,0,50
15,D,0,10,0,50
15,D,0,11,0,50
15,D,0,12,0,50
15,D,0,13,0,50
15,D,0,14,0,50
15,D,0,15,0,50
15,D,0,16,0,50
15,D,1,1,108,0
15,D,1,2,0,0
15,D,1,3,0,0
15,D,1,4,0,0
15,D,1,5,0,0
15,D,1,6,0,0
15,D,1,7,0,0
15,D,1,8,0,20
15,D,1,9,0,194
15,D,1,10,0,115
15,D,1,11,0,112
15,D,1,12,0,142
15,D,1,13,0,183
15,D,1,14,0,198
15,D,1,15,0,142
15,D,1,16,0,167
15,D,2,1,26,0
15,D,2,2,32,0
15,D,2,3,26,0
15,D,2,4,0,0
15,D,2,5,0,0
15,D,2,6,0,3
15,D,2,7,0,0
15,D,2,8,0,131
15,D,2,9,0,267
15,D,2,10,0,301
15,D,2,11,0,300
15,D,2,12,0,270
15,D,2,13,0,301
15,D,2,14,0,303
15,D,2,15,0,285
15,D,2,16,0,293
15,D,3,1,120,0
15,D,3,2,67,0
15,D,3,3,42,0
15,D,3,4,43,0
15,D,3,5,19,0
15,D,3,6,0,25
15,D,3,7,0,7
15,D,3,8,0,282
15,D,3,9,0,453
15,D,3,10,0,226
15,D,3,11,0,452
15,D,3,12,0,305
15,D,3,13,0,368
15,D,3,14,0,355
15,D,3,15,0,369
15,D,3,16,0,307
15,D,4,1,131,0
15,D,4,2,118,0
15,D,4,3,131,0
15,D,4,4,148,0
15,D,4,5,80,0
15,D,4,6,0,111
15,D,4,7,0,106
15,D,4,8,0,173
15,D,4,9,0,202
15,D,4,10,0,206
15,D,4,11,0,223
15,D,4,12,0,176
15,D,4,13,0,241
15,D,4,14,0,370
15,D,4,15,0,157
15,D,4,16,0,317
15,D,5,1,162,0
15,D,5,2,80,0
15,D,5,3,56,0
15,D,5,4,124,4
15,D,5,5,72,72
15,D,5,6,30,227
15,D,5,7,6,194
15,D,5,8,0,369
15,D,5,9,0,357
15,D,5,10,0,302
15,D,5,11,0,211
15,D,5,12,0,227
15,D,5,13,0,378
15,D,5,14,0,420
15,D,5,15,0,239
15,D,5,16,0,411
15,D,6,1,252,0
15,D,6,2,141,0
15,D,6,3,195,3
15,D,6,4,119,39
15,D,6,5,127,106
15,D,6,6,50,114
15,D,6,7,7,319
15,D,6,8,1,328
15,D,6,9,0,380
15,D,6,10,0,330
15,D,6,11,0,384
15,D,6,12,0,558
15,D,6,13,0,233
15,D,6,14,0,428
15,D,6,15,0,246
15,D,6,16,0,399
15,D,7,1,213,1
15,D,7,2,223,8
15,D,7,3,186,41
15,D,7,4,159,101
15,D,7,5,77,83
15,D,7,6,96,202
15,D,7,7,20,215
15,D,7,8,3,206
15,D,7,9,17,400
15,D,7,10,1,331
15,D,7,11,0,288
15,D,7,12,0,234
15,D,7,13,0,221
15,D,7,14,0,195
15,D,7,15,0,234
15,D,7,16,0,217
15,D,8,1,186,8
15,D,8,2,267,15
15,D,8,3,144,36
15,D,8,4,128,92
15,D,8,5,108,127
15,D,8,6,41,124
15,D,8,7,23,250
15,D,8,8,25,289
15,D,8,9,16,206
15,D,8,10,6,474
15,D,8,11,13,340
15,D,8,12,5,611
15,D,8,13,3,156
15,D,8,14,0,537
15,D,8,15,0,256
15,D,8,16,0,409
16,D,0,1,50,0
16,D,0,2,0,0
16,D,0,3,0,0
16,D,0,4,0,0
16,D,0,5,0,0
16,D,0,6,0,0
16,D,0,7,0,0
16,D,0,8,0,0
16,D,0,9,0,50
16,D,0,10,0,50
16,D,0,11,0,50
16,D,0,12,0,50
16,D,0,13,0,50
16,D,0,14,0,50
16,D,0,15,0,50
16,D,0,16,0,50
16,D,1,1,24,0
16,D,1,2,44,0
16,D,1,3,25,0
16,D,1,4,0,0
16,D,1,5,0,0
16,D,1,6,0,0
16,D,1,7,0,0
16,D,1,8,0,16
16,D,1,9,0,185
16,D,1,10,0,136
16,D,1,11,0,128
16,D,1,12,0,173
16,D,1,13,0,102
16,D,1,14,0,169
16,D,1,15,0,143
16,D,1,16,0,213
16,D,2,1,52,0
16,D,2,2,77,0
16,D,2,3,135,0
16,D,2,4,0,0
16,D,2,5,0,0
16,D,2,6,0,1
16,D,2,7,0,13
16,D,2,8,0,91
16,D,2,9,0,285
16,D,2,10,0,294
16,D,2,11,0,300
16,D,2,12,0,216
16,D,2,13,0,233
16,D,2,14,0,299
16,D,2,15,0,242
16,D,2,16,0,409
16,D,3,1,111,0
16,D,3,2,136,0
16,D,3,3,163,0
16,D,3,4,41,0
16,D,3,5,10,0
16,D,3,6,0,16
16,D,3,7,0,168
16,D,3,8,0,192
16,D,3,9,0,233
16,D,3,10,0,329
16,D,3,11,0,361
16,D,3,12,0,341
16,D,3,13,0,366
16,D,3,14,0,494
16,D,3,15,0,223
16,D,3,16,0,333
16,D,4,1,193,0
16,D,4,2,100,0
16,D,4,3,196,3
16,D,4,4,153,4
16,D,4,5,47,44
16,D,4,6,9,136
16,D,4,7,12,302
16,D,4,8,0,409
16,D,4,9,0,196
16,D,4,10,0,162
16,D,4,11,0,332
16,D,4,12,0,213
16,D,4,13,0,229
16,D,4,14,0,249
16,D,4,15,0,202
16,D,4,16,0,331
16,D,5,1,133,1
16,D,5,2,115,3
16,D,5,3,135,10
16,D,5,4,89,57
16,D,5,5,29,99
16,D,5,6,32,218
16,D,5,7,9,187
16,D,5,8,5,237
16,D,5,9,0,248
16,D,5,10,0,282
16,D,5,11,0,306
16,D,5,12,0,372
16,D,5,13,0,304
16,D,5,14,0,280
16,D,5,15,0,385
16,D,5,16,0,307
16,D,6,1,185,0
16,D,6,2,205,8
16,D,6,3,228,34
16,D,6,4,123,114
16,D,6,5,43,130
16,D,6,6,25,217
16,D,6,7,13,310
16,D,6,8,45,241
16,D,6,9,2,377
16,D,6,10,0,259
16,D,6,11,4,307
16,D,6,12,0,294
16,D,6,13,0,231
16,D,6,14,0,287
16,D,6,15,0,369
16,D,6,16,0,306
16,D,7,1,271,3
16,D,7,2,206,21
16,D,7,3,194,38
16,D,7,4,260,97
16,D,7,5,129,220
16,D,7,6,21,232
16,D,7,7,25,176
16,D,7,8,30,297
16,D,7,9,8,225
16,D,7,10,23,363
16,D,7,11,18,485
16,D,7,12,2,299
16,D,7,13,0,402
16,D,7,14,0,280
16,D,7,15,0,374
16,D,7,16,0,405
16,D,8,1,339,6
16,D,8,2,193,6
16,D,8,3,212,45
16,D,8,4,199,105
16,D,8,5,58,168
16,D,8,6,12,259
16,D,8,7,9,224
16,D,8,8,90,338
16,D,8,9,16,353
16,D,8,10,17,336
16,D,8,11,5,287
16,D,8,12,20,277
16,D,8,13,3,359
16,D,8,14,0,439
16,D,8,15,0,388
16,D,8,16,0,256
49,A,0,1,50,0
49,A,0,2,0,0
49,A,0,3,0,0
49,A,0,4,0,0
49,A,0,5,0,0
49,A,0,6,0,0
49,A,0,7,0,0
49,A,0,8,0,0
49,A,0,9,0,0
49,A,0,10,0,0
49,A,0,11,0,0
49,A,0,12,0,0
49,A,0,13,0,0
49,A,0,14,0,0
49,A,0,15,0,0
49,A,0,16,0,0
49,A,1,1,56,0
49,A,1,2,74,0
49,A,1,3,0,0
49,A,1,4,0,0
49,A,1,5,0,0
49,A,1,6,0,0
49,A,1,7,0,0
49,A,1,8,0,0
49,A,1,9,0,0
49,A,1,10,0,0
49,A,1,11,0,0
49,A,1,12,0,0
49,A,1,13,0,0
49,A,1,14,0,0
49,A,1,15,0,0
49,A,1,16,0,0
49,A,2,1,95,0
49,A,2,2,102,0
49,A,2,3,32,0
49,A,2,4,53,0
49,A,2,5,65,0
49,A,2,6,12,0
49,A,2,7,0,0
49,A,2,8,0,0
49,A,2,9,0,0
49,A,2,10,0,0
49,A,2,11,0,0
49,A,2,12,0,0
49,A,2,13,0,0
49,A,2,14,0,0
49,A,2,15,0,0
49,A,2,16,0,0
49,A,3,1,134,0
49,A,3,2,224,0
49,A,3,3,114,0
49,A,3,4,102,0
49,A,3,5,152,0
49,A,3,6,59,0
49,A,3,7,71,0
49,A,3,8,46,0
49,A,3,9,7,0
49,A,3,10,0,0
49,A,3,11,0,0
49,A,3,12,0,0
49,A,3,13,0,0
49,A,3,14,0,0
49,A,3,15,0,0
49,A,3,16,0,0
49,A,4,1,262,0
49,A,4,2,191,0
49,A,4,3,158,0
49,A,4,4,188,0
49,A,4,5,141,0
49,A,4,6,177,0
49,A,4,7,112,0
49,A,4,8,43,0
49,A,4,9,87,0
49,A,4,10,1,0
49,A,4,11,0,0
49,A,4,12,0,0
49,A,4,13,0,0
49,A,4,14,0,0
49,A,4,15,0,0
49,A,4,16,0,0
49,A,5,1,289,0
49,A,5,2,221,0
49,A,5,3,220,0
49,A,5,4,248,0
49,A,5,5,205,0
49,A,5,6,151,0
49,A,5,7,203,0
49,A,5,8,108,0
49,A,5,9,89,0
49,A,5,10,78,0
49,A,5,11,59,0
49,A,5,12,5,0
49,A,5,13,0,0
49,A,5,14,0,0
49,A,5,15,0,0
49,A,5,16,0,0
49,A,6,1,248,0
49,A,6,2,174,0
49,A,6,3,114,0
49,A,6,4,203,0
49,A,6,5,177,0
49,A,6,6,159,0
49,A,6,7,201,0
49,A,6,8,174,0
49,A,6,9,131,0
49,A,6,10,149,0
49,A,6,11,43,0
49,A,6,12,95,0
49,A,6,13,45,0
49,A,6,14,37,0
49,A,6,15,0,0
49,A,6,16,0,0
49,A,7,1,326,0
49,A,7,2,199,0
49,A,7,3,267,0
49,A,7,4,210,0
49,A,7,5,164,0
49,A,7,6,186,0
49,A,7,7,272,0
49,A,7,8,225,0
49,A,7,9,150,0
49,A,7,10,118,0
49,A,7,11,246,0
49,A,7,12,131,0
49,A,7,13,99,0
49,A,7,14,59,0
49,A,7,15,62,0
49,A,7,16,0,0
49,A,8,1,197,0
49,A,8,2,234,0
49,A,8,3,214,0
49,A,8,4,217,0
49,A,8,5,237,0
49,A,8,6,121,0
49,A,8,7,231,0
49,A,8,8,280,0
49,A,8,9,159,0
49,A,8,10,261,0
49,A,8,11,62,0
49,A,8,12,177,0
49,A,8,13,180,0
49,A,8,14,149,0
49,A,8,15,20,0
49,A,8,16,111,0
51,A,0,1,50,0
51,A,0,2,0,0
51,A,0,3,0,0
51,A,0,4,0,0
51,A,0,5,0,0
51,A,0,6,0,0
51,A,0,7,0,0
51,A,0,8,0,0
51,A,0,9,0,0
51,A,0,10,0,0
51,A,0,11,0,0
51,A,0,12,0,0
51,A,0,13,0,0
51,A,0,14,0,0
51,A,0,15,0,0
51,A,0,16,0,0
51,A,1,1,69,0
51,A,1,2,49,0
51,A,1,3,22,0
51,A,1,4,0,0
51,A,1,5,0,0
51,A,1,6,0,0
51,A,1,7,0,0
51,A,1,8,0,0
51,A,1,9,0,0
51,A,1,10,0,0
51,A,1,11,0,0
51,A,1,12,0,0
51,A,1,13,0,0
51,A,1,14,0,0
51,A,1,15,0,0
51,A,1,16,0,0
51,A,2,1,81,0
51,A,2,2,13,0
51,A,2,3,75,0
51,A,2,4,45,0
51,A,2,5,39,0
51,A,2,6,0,0
51,A,2,7,0,0
51,A,2,8,0,0
51,A,2,9,0,0
51,A,2,10,0,0
51,A,2,11,0,0
51,A,2,12,0,0
51,A,2,13,0,0
51,A,2,14,0,0
51,A,2,15,0,0
51,A,2,16,0,0
51,A,3,1,85,0
51,A,3,2,110,0
51,A,3,3,80,0
51,A,3,4,112,0
51,A,3,5,14,0
51,A,3,6,87,0
51,A,3,7,6,0
51,A,3,8,0,0
51,A,3,9,0,0
51,A,3,10,0,0
51,A,3,11,0,0
51,A,3,12,0,0
51,A,3,13,0,0
51,A,3,14,0,0
51,A,3,15,0,0
51,A,3,16,0,0
51,A,4,1,173,0
51,A,4,2,191,0
51,A,4,3,155,0
51,A,4,4,152,0
51,A,4,5,118,0
51,A,4,6,242,0
51,A,4,7,42,0
51,A,4,8,26,0
51,A,4,9,27,0
51,A,4,10,4,0
51,A,4,11,0,0
51,A,4,12,0,0
51,A,4,13,0,0
51,A,4,14,0,0
51,A,4,15,0,0
51,A,4,16,0,0
51,A,5,1,294,0
51,A,5,2,233,0
51,A,5,3,232,0
51,A,5,4,242,0
51,A,5,5,209,0
51,A,5,6,217,0
51,A,5,7,139,0
51,A,5,8,119,0
51,A,5,9,60,0
51,A,5,10,43,0
51,A,5,11,69,0
51,A,5,12,21,0
51,A,5,13,0,0
51,A,5,14,0,0
51,A,5,15,0,0
51,A,5,16,0,0
51,A,6,1,242,0
51,A,6,2,262,0
51,A,6,3,105,0
51,A,6,4,271,0
51,A,6,5,352,0
51,A,6,6,144,0
51,A,6,7,131,0
51,A,6,8,108,0
51,A,6,9,159,0
51,A,6,10,155,0
51,A,6,11,256,0
51,A,6,12,50,0
51,A,6,13,7,0
51,A,6,14,0,0
51,A,6,15,0,0
51,A,6,16,0,0
51,A,7,1,343,0
51,A,7,2,197,0
51,A,7,3,192,0
51,A,7,4,283,0
51,A,7,5,227,0
51,A,7,6,218,0
51,A,7,7,330,0
51,A,7,8,126,0
51,A,7,9,260,0
51,A,7,10,120,0
51,A,7,11,188,0
51,A,7,12,112,0
51,A,7,13,55,0
51,A,7,14,45,0
51,A,7,15,3,0
51,A,7,16,0,0
51,A,8,1,198,0
51,A,8,2,195,0
51,A,8,3,182,0
51,A,8,4,316,0
51,A,8,5,194,0
51,A,8,6,299,0
51,A,8,7,173,0
51,A,8,8,245,0
51,A,8,9,260,0
51,A,8,10,99,0
51,A,8,11,181,0
51,A,8,12,173,0
51,A,8,13,85,0
51,A,8,14,57,0
51,A,8,15,65,0
51,A,8,16,0,0
52,A,0,1,50,0
52,A,0,2,0,0
52,A,0,3,0,0
52,A,0,4,0,0
52,A,0,5,0,0
52,A,0,6,0,0
52,A,0,7,0,0
52,A,0,8,0,0
52,A,0,9,0,0
52,A,0,10,0,0
52,A,0,11,0,0
52,A,0,12,0,0
52,A,0,13,0,0
52,A,0,14,0,0
52,A,0,15,0,0
52,A,0,16,0,0
52,A,1,1,48,0
52,A,1,2,37,0
52,A,1,3,37,0
52,A,1,4,3,0
52,A,1,5,0,0
52,A,1,6,0,0
52,A,1,7,0,0
52,A,1,8,0,0
52,A,1,9,0,0
52,A,1,10,0,0
52,A,1,11,0,0
52,A,1,12,0,0
52,A,1,13,0,0
52,A,1,14,0,0
52,A,1,15,0,0
52,A,1,16,0,0
52,A,2,1,116,0
52,A,2,2,82,0
52,A,2,3,50,0
52,A,2,4,60,0
52,A,2,5,68,0
52,A,2,6,0,0
52,A,2,7,0,0
52,A,2,8,0,0
52,A,2,9,0,0
52,A,2,10,0,0
52,A,2,11,0,0
52,A,2,12,0,0
52,A,2,13,0,0
52,A,2,14,0,0
52,A,2,15,0,0
52,A,2,16,0,0
52,A,3,1,213,0
52,A,3,2,159,0
52,A,3,3,161,0
52,A,3,4,131,0
52,A,3,5,85,0
52,A,3,6,51,0
52,A,3,7,63,0
52,A,3,8,2,0
52,A,3,9,0,0
52,A,3,10,0,0
52,A,3,11,0,0
52,A,3,12,0,0
52,A,3,13,0,0
52,A,3,14,0,0
52,A,3,15,0,0
52,A,3,16,0,0
52,A,4,1,215,0
52,A,4,2,211,0
52,A,4,3,194,0
52,A,4,4,159,0
52,A,4,5,119,0
52,A,4,6,157,0
52,A,4,7,40,0
52,A,4,8,150,0
52,A,4,9,2,0
52,A,4,10,0,0
52,A,4,11,0,0
52,A,4,12,0,0
52,A,4,13,0,0
52,A,4,14,0,0
52,A,4,15,0,0
52,A,4,16,0,0
52,A,5,1,337,0
52,A,5,2,244,0
52,A,5,3,221,0
52,A,5,4,331,0
52,A,5,5,242,0
52,A,5,6,256,0
52,A,5,7,162,0
52,A,5,8,351,0
52,A,5,9,0,0
52,A,5,10,0,0
52,A,5,11,0,0
52,A,5,12,0,0
52,A,5,13,0,0
52,A,5,14,0,0
52,A,5,15,0,0
52,A,5,16,0,0
52,A,6,1,217,0
52,A,6,2,248,0
52,A,6,3,301,0
52,A,6,4,167,0
52,A,6,5,271,0
52,A,6,6,262,0
52,A,6,7,259,0
52,A,6,8,217,0
52,A,6,9,0,0
52,A,6,10,0,0
52,A,6,11,0,0
52,A,6,12,0,0
52,A,6,13,0,0
52,A,6,14,0,0
52,A,6,15,0,0
52,A,6,16,0,0
52,A,7,1,212,0
52,A,7,2,248,0
52,A,7,3,300,0
52,A,7,4,197,0
52,A,7,5,220,0
52,A,7,6,385,0
52,A,7,7,139,0
52,A,7,8,91,0
52,A,7,9,83,0
52,A,7,10,60,0
52,A,7,11,23,0
52,A,7,12,0,0
52,A,7,13,0,0
52,A,7,14,0,0
52,A,7,15,0,0
52,A,7,16,0,0
52,A,8,1,214,0
52,A,8,2,329,0
52,A,8,3,222,0
52,A,8,4,344,0
52,A,8,5,159,0
52,A,8,6,292,0
52,A,8,7,196,0
52,A,8,8,272,0
52,A,8,9,120,0
52,A,8,10,111,0
52,A,8,11,122,0
52,A,8,12,60,0
52,A,8,13,0,0
52,A,8,14,0,0
52,A,8,15,0,0
52,A,8,16,0,0
62,D,0,1,50,0
62,D,0,2,0,0
62,D,0,3,0,0
62,D,0,4,0,0
62,D,0,5,0,0
62,D,0,6,0,0
62,D,0,7,0,0
62,D,0,8,0,0
62,D,0,9,0,50
62,D,0,10,0,50
62,D,0,11,0,50
62,D,0,12,0,50
62,D,0,13,0,50
62,D,0,14,0,50
62,D,0,15,0,50
62,D,0,16,0,50
62,D,1,1,35,0
62,D,1,2,55,0
62,D,1,3,37,0
62,D,1,4,0,0
62,D,1,5,0,0
62,D,1,6,0,0
62,D,1,7,0,0
62,D,1,8,0,14
62,D,1,9,0,163
62,D,1,10,0,160
62,D,1,11,0,172
62,D,1,12,0,148
62,D,1,13,0,122
62,D,1,14,0,265
62,D,1,15,0,156
62,D,1,16,0,182
62,D,2,1,NA,NA
62,D,2,2,NA,NA
62,D,2,3,NA,NA
62,D,2,4,NA,NA
62,D,2,5,NA,NA
62,D,2,6,NA,NA
62,D,2,7,NA,NA
62,D,2,8,NA,NA
62,D,2,9,NA,NA
62,D,2,10,NA,NA
62,D,2,11,NA,NA
62,D,2,12,NA,NA
62,D,2,13,NA,NA
62,D,2,14,NA,NA
62,D,2,15,NA,NA
62,D,2,16,NA,NA
62,D,3,1,148,0
62,D,3,2,129,0
62,D,3,3,93,0
62,D,3,4,118,0
62,D,3,5,65,0
62,D,3,6,54,0
62,D,3,7,20,0
62,D,3,8,0,348
62,D,3,9,0,348
62,D,3,10,0,189
62,D,3,11,0,244
62,D,3,12,0,298
62,D,3,13,0,346
62,D,3,14,0,232
62,D,3,15,0,280
62,D,3,16,0,273
62,D,4,1,178,0
62,D,4,2,118,0
62,D,4,3,141,0
62,D,4,4,124,0
62,D,4,5,123,0
62,D,4,6,93,5
62,D,4,7,52,47
62,D,4,8,15,149
62,D,4,9,0,71
62,D,4,10,0,469
62,D,4,11,0,328
62,D,4,12,0,249
62,D,4,13,0,219
62,D,4,14,0,301
62,D,4,15,0,84
62,D,4,16,0,150
62,D,5,1,257,0
62,D,5,2,229,0
62,D,5,3,222,0
62,D,5,4,224,1
62,D,5,5,199,17
62,D,5,6,135,39
62,D,5,7,84,142
62,D,5,8,11,149
62,D,5,9,12,69
62,D,5,10,0,453
62,D,5,11,0,177
62,D,5,12,0,391
62,D,5,13,0,360
62,D,5,14,0,282
62,D,5,15,0,234
62,D,5,16,0,95
62,D,6,1,249,0
62,D,6,2,353,0
62,D,6,3,256,2
62,D,6,4,168,9
62,D,6,5,127,20
62,D,6,6,162,110
62,D,6,7,53,190
62,D,6,8,16,231
62,D,6,9,9,280
62,D,6,10,1,250
62,D,6,11,1,278
62,D,6,12,0,321
62,D,6,13,0,341
62,D,6,14,0,200
62,D,6,15,0,390
62,D,6,16,0,215
62,D,7,1,370,0
62,D,7,2,218,1
62,D,7,3,241,10
62,D,7,4,285,21
62,D,7,5,162,68
62,D,7,6,148,180
62,D,7,7,48,137
62,D,7,8,24,281
62,D,7,9,21,401
62,D,7,10,2,293
62,D,7,11,0,254
62,D,7,12,0,314
62,D,7,13,0,504
62,D,7,14,0,211
62,D,7,15,0,398
62,D,7,16,0,284
62,D,8,1,226,0
62,D,8,2,279,0
62,D,8,3,273,15
62,D,8,4,205,31
62,D,8,5,157,127
62,D,8,6,87,203
62,D,8,7,44,179
62,D,8,8,23,290
62,D,8,9,11,303
62,D,8,10,3,388
62,D,8,11,0,366
62,D,8,12,0,263
62,D,8,13,0,321
62,D,8,14,0,246
62,D,8,15,0,356
62,D,8,16,0,368
63,D,0,1,50,0
63,D,0,2,0,0
63,D,0,3,0,0
63,D,0,4,0,0
63,D,0,5,0,0
63,D,0,6,0,0
63,D,0,7,0,0
63,D,0,8,0,0
63,D,0,9,0,50
63,D,0,10,0,50
63,D,0,11,0,50
63,D,0,12,0,50
63,D,0,13,0,50
63,D,0,14,0,50
63,D,0,15,0,50
63,D,0,16,0,50
63,D,1,1,17,0
63,D,1,2,41,0
63,D,1,3,0,0
63,D,1,4,0,0
63,D,1,5,0,0
63,D,1,6,0,0
63,D,1,7,0,0
63,D,1,8,0,6
63,D,1,9,0,143
63,D,1,10,0,95
63,D,1,11,0,141
63,D,1,12,0,129
63,D,1,13,0,211
63,D,1,14,0,119
63,D,1,15,0,119
63,D,1,16,0,160
63,D,2,1,69,0
63,D,2,2,166,0
63,D,2,3,0,0
63,D,2,4,0,0
63,D,2,5,0,0
63,D,2,6,0,0
63,D,2,7,0,1
63,D,2,8,0,73
63,D,2,9,0,260
63,D,2,10,0,327
63,D,2,11,0,245
63,D,2,12,0,353
63,D,2,13,0,416
63,D,2,14,0,208
63,D,2,15,0,288
63,D,2,16,0,263
63,D,3,1,62,0
63,D,3,2,126,0
63,D,3,3,109,0
63,D,3,4,33,0
63,D,3,5,7,0
63,D,3,6,0,0
63,D,3,7,0,67
63,D,3,8,0,285
63,D,3,9,0,99
63,D,3,10,0,408
63,D,3,11,0,229
63,D,3,12,0,252
63,D,3,13,0,478
63,D,3,14,0,304
63,D,3,15,0,193
63,D,3,16,0,177
63,D,4,1,156,0
63,D,4,2,140,0
63,D,4,3,201,0
63,D,4,4,86,0
63,D,4,5,65,24
63,D,4,6,1,72
63,D,4,7,1,194
63,D,4,8,2,437
63,D,4,9,0,297
63,D,4,10,0,225
63,D,4,11,0,331
63,D,4,12,0,310
63,D,4,13,0,276
63,D,4,14,0,386
63,D,4,15,0,277
63,D,4,16,0,275
63,D,5,1,265,0
63,D,5,2,244,0
63,D,5,3,305,5
63,D,5,4,152,22
63,D,5,5,80,122
63,D,5,6,6,208
63,D,5,7,59,371
63,D,5,8,4,371
63,D,5,9,0,363
63,D,5,10,0,227
63,D,5,11,0,332
63,D,5,12,0,312
63,D,5,13,0,217
63,D,5,14,0,200
63,D,5,15,0,258
63,D,5,16,0,256
63,D,6,1,346,2
63,D,6,2,316,6
63,D,6,3,238,24
63,D,6,4,120,53
63,D,6,5,58,58
63,D,6,6,51,231
63,D,6,7,19,226
63,D,6,8,7,259
63,D,6,9,7,392
63,D,6,10,2,337
63,D,6,11,0,296
63,D,6,12,1,270
63,D,6,13,0,431
63,D,6,14,0,340
63,D,6,15,0,313
63,D,6,16,0,281
63,D,7,1,393,17
63,D,7,2,264,5
63,D,7,3,160,49
63,D,7,4,189,87
63,D,7,5,25,186
63,D,7,6,112,183
63,D,7,7,76,352
63,D,7,8,12,346
63,D,7,9,5,244
63,D,7,10,4,348
63,D,7,11,0,280
63,D,7,12,0,226
63,D,7,13,0,347
63,D,7,14,0,325
63,D,7,15,0,310
63,D,7,16,0,341
63,D,8,1,253,9
63,D,8,2,303,12
63,D,8,3,279,89
63,D,8,4,134,68
63,D,8,5,210,167
63,D,8,6,165,117
63,D,8,7,71,189
63,D,8,8,21,253
63,D,8,9,0,283
63,D,8,10,7,394
63,D,8,11,0,405
63,D,8,12,0,257
63,D,8,13,0,375
63,D,8,14,0,222
63,D,8,15,0,261
63,D,8,16,0,358
97,A,0,1,50,0
97,A,0,2,0,0
97,A,0,3,0,0
97,A,0,4,0,0
97,A,0,5,0,0
97,A,0,6,0,0
97,A,0,7,0,0
97,A,0,8,0,0
97,A,0,9,0,0
97,A,0,10,0,0
97,A,0,11,0,0
97,A,0,12,0,0
97,A,0,13,0,0
97,A,0,14,0,0
97,A,0,15,0,0
97,A,0,16,0,0
97,A,1,1,43,0
97,A,1,2,29,0
97,A,1,3,5,0
97,A,1,4,0,0
97,A,1,5,0,0
97,A,1,6,0,0
97,A,1,7,0,0
97,A,1,8,0,0
97,A,1,9,0,0
97,A,1,10,0,0
97,A,1,11,0,0
97,A,1,12,0,0
97,A,1,13,0,0
97,A,1,14,0,0
97,A,1,15,0,0
97,A,1,16,0,0
97,A,2,1,51,0
97,A,2,2,86,0
97,A,2,3,7,0
97,A,2,4,0,0
97,A,2,5,0,0
97,A,2,6,0,0
97,A,2,7,0,0
97,A,2,8,0,0
97,A,2,9,0,0
97,A,2,10,0,0
97,A,2,11,0,0
97,A,2,12,0,0
97,A,2,13,0,0
97,A,2,14,0,0
97,A,2,15,0,0
97,A,2,16,0,0
97,A,3,1,78,0
97,A,3,2,103,0
97,A,3,3,114,0
97,A,3,4,12,0
97,A,3,5,0,0
97,A,3,6,0,0
97,A,3,7,0,0
97,A,3,8,0,0
97,A,3,9,0,0
97,A,3,10,0,0
97,A,3,11,0,0
97,A,3,12,0,0
97,A,3,13,0,0
97,A,3,14,0,0
97,A,3,15,0,0
97,A,3,16,0,0
97,A,4,1,212,0
97,A,4,2,149,0
97,A,4,3,148,0
97,A,4,4,65,0
97,A,4,5,52,0
97,A,4,6,32,0
97,A,4,7,0,0
97,A,4,8,0,0
97,A,4,9,0,0
97,A,4,10,0,0
97,A,4,11,0,0
97,A,4,12,0,0
97,A,4,13,0,0
97,A,4,14,0,0
97,A,4,15,0,0
97,A,4,16,0,0
97,A,5,1,265,0
97,A,5,2,195,0
97,A,5,3,138,0
97,A,5,4,181,0
97,A,5,5,129,0
97,A,5,6,71,0
97,A,5,7,106,0
97,A,5,8,28,0
97,A,5,9,0,0
97,A,5,10,0,0
97,A,5,11,0,0
97,A,5,12,0,0
97,A,5,13,0,0
97,A,5,14,0,0
97,A,5,15,0,0
97,A,5,16,0,0
97,A,6,1,235,0
97,A,6,2,212,0
97,A,6,3,188,0
97,A,6,4,153,0
97,A,6,5,213,0
97,A,6,6,164,0
97,A,6,7,146,0
97,A,6,8,160,0
97,A,6,9,0,0
97,A,6,10,0,0
97,A,6,11,0,0
97,A,6,12,0,0
97,A,6,13,0,0
97,A,6,14,0,0
97,A,6,15,0,0
97,A,6,16,0,0
97,A,7,1,292,0
97,A,7,2,199,0
97,A,7,3,192,0
97,A,7,4,257,0
97,A,7,5,247,0
97,A,7,6,214,0
97,A,7,7,226,0
97,A,7,8,228,0
97,A,7,9,0,0
97,A,7,10,0,0
97,A,7,11,0,0
97,A,7,12,0,0
97,A,7,13,0,0
97,A,7,14,0,0
97,A,7,15,0,0
97,A,7,16,0,0
97,A,8,1,323,0
97,A,8,2,189,0
97,A,8,3,212,0
97,A,8,4,241,0
97,A,8,5,236,0
97,A,8,6,137,0
97,A,8,7,114,0
97,A,8,8,32,0
97,A,8,9,59,0
97,A,8,10,61,0
97,A,8,11,1,0
97,A,8,12,0,0
97,A,8,13,0,0
97,A,8,14,0,0
97,A,8,15,0,0
97,A,8,16,0,0
98,A,0,1,50,0
98,A,0,2,0,0
98,A,0,3,0,0
98,A,0,4,0,0
98,A,0,5,0,0
98,A,0,6,0,0
98,A,0,7,0,0
98,A,0,8,0,0
98,A,0,9,0,0
98,A,0,10,0,0
98,A,0,11,0,0
98,A,0,12,0,0
98,A,0,13,0,0
98,A,0,14,0,0
98,A,0,15,0,0
98,A,0,16,0,0
98,A,1,1,20,0
98,A,1,2,58,0
98,A,1,3,15,0
98,A,1,4,0,0
98,A,1,5,0,0
98,A,1,6,0,0
98,A,1,7,0,0
98,A,1,8,0,0
98,A,1,9,0,0
98,A,1,10,0,0
98,A,1,11,0,0
98,A,1,12,0,0
98,A,1,13,0,0
98,A,1,14,0,0
98,A,1,15,0,0
98,A,1,16,0,0
98,A,2,1,107,0
98,A,2,2,35,0
98,A,2,3,48,0
98,A,2,4,48,0
98,A,2,5,16,0
98,A,2,6,0,0
98,A,2,7,0,0
98,A,2,8,0,0
98,A,2,9,0,0
98,A,2,10,0,0
98,A,2,11,0,0
98,A,2,12,0,0
98,A,2,13,0,0
98,A,2,14,0,0
98,A,2,15,0,0
98,A,2,16,0,0
98,A,3,1,113,0
98,A,3,2,150,0
98,A,3,3,87,0
98,A,3,4,59,0
98,A,3,5,41,0
98,A,3,6,56,0
98,A,3,7,27,0
98,A,3,8,0,0
98,A,3,9,0,0
98,A,3,10,0,0
98,A,3,11,0,0
98,A,3,12,0,0
98,A,3,13,0,0
98,A,3,14,0,0
98,A,3,15,0,0
98,A,3,16,0,0
98,A,4,1,214,0
98,A,4,2,161,0
98,A,4,3,201,0
98,A,4,4,164,0
98,A,4,5,177,0
98,A,4,6,93,0
98,A,4,7,31,0
98,A,4,8,43,0
98,A,4,9,35,0
98,A,4,10,1,0
98,A,4,11,0,0
98,A,4,12,0,0
98,A,4,13,0,0
98,A,4,14,0,0
98,A,4,15,0,0
98,A,4,16,0,0
98,A,5,1,224,0
98,A,5,2,212,0
98,A,5,3,173,0
98,A,5,4,236,0
98,A,5,5,153,0
98,A,5,6,126,0
98,A,5,7,178,0
98,A,5,8,75,0
98,A,5,9,62,0
98,A,5,10,119,0
98,A,5,11,3,0
98,A,5,12,0,0
98,A,5,13,0,0
98,A,5,14,0,0
98,A,5,15,0,0
98,A,5,16,0,0
98,A,6,1,133,0
98,A,6,2,247,0
98,A,6,3,240,0
98,A,6,4,150,0
98,A,6,5,281,0
98,A,6,6,187,0
98,A,6,7,153,0
98,A,6,8,176,0
98,A,6,9,103,0
98,A,6,10,19,0
98,A,6,11,65,0
98,A,6,12,70,0
98,A,6,13,22,0
98,A,6,14,1,0
98,A,6,15,0,0
98,A,6,16,0,0
98,A,7,1,153,0
98,A,7,2,246,0
98,A,7,3,239,0
98,A,7,4,264,0
98,A,7,5,133,0
98,A,7,6,316,0
98,A,7,7,251,0
98,A,7,8,106,0
98,A,7,9,166,0
98,A,7,10,146,0
98,A,7,11,89,0
98,A,7,12,183,0
98,A,7,13,92,0
98,A,7,14,0,0
98,A,7,15,0,0
98,A,7,16,0,0
98,A,8,1,170,0
98,A,8,2,197,0
98,A,8,3,172,0
98,A,8,4,253,0
98,A,8,5,172,0
98,A,8,6,177,0
98,A,8,7,142,0
98,A,8,8,197,0
98,A,8,9,146,0
98,A,8,10,163,0
98,A,8,11,165,0
98,A,8,12,219,0
98,A,8,13,36,0
98,A,8,14,71,0
98,A,8,15,28,0
98,A,8,16,0,0
99,A,0,1,50,0
99,A,0,2,0,0
99,A,0,3,0,0
99,A,0,4,0,0
99,A,0,5,0,0
99,A,0,6,0,0
99,A,0,7,0,0
99,A,0,8,0,0
99,A,0,9,0,0
99,A,0,10,0,0
99,A,0,11,0,0
99,A,0,12,0,0
99,A,0,13,0,0
99,A,0,14,0,0
99,A,0,15,0,0
99,A,0,16,0,0
99,A,1,1,38,0
99,A,1,2,49,0
99,A,1,3,32,0
99,A,1,4,1,0
99,A,1,5,0,0
99,A,1,6,0,0
99,A,1,7,0,0
99,A,1,8,0,0
99,A,1,9,0,0
99,A,1,10,0,0
99,A,1,11,0,0
99,A,1,12,0,0
99,A,1,13,0,0
99,A,1,14,0,0
99,A,1,15,0,0
99,A,1,16,0,0
99,A,2,1,133,0
99,A,2,2,119,0
99,A,2,3,82,0
99,A,2,4,5,0
99,A,2,5,0,0
99,A,2,6,0,0
99,A,2,7,0,0
99,A,2,8,0,0
99,A,2,9,0,0
99,A,2,10,0,0
99,A,2,11,0,0
99,A,2,12,0,0
99,A,2,13,0,0
99,A,2,14,0,0
99,A,2,15,0,0
99,A,2,16,0,0
99,A,3,1,292,0
99,A,3,2,134,0
99,A,3,3,146,0
99,A,3,4,15,0
99,A,3,5,11,0
99,A,3,6,0,0
99,A,3,7,0,0
99,A,3,8,0,0
99,A,3,9,0,0
99,A,3,10,0,0
99,A,3,11,0,0
99,A,3,12,0,0
99,A,3,13,0,0
99,A,3,14,0,0
99,A,3,15,0,0
99,A,3,16,0,0
99,A,4,1,227,0
99,A,4,2,227,0
99,A,4,3,45,0
99,A,4,4,89,0
99,A,4,5,47,0
99,A,4,6,0,0
99,A,4,7,0,0
99,A,4,8,0,0
99,A,4,9,0,0
99,A,4,10,0,0
99,A,4,11,0,0
99,A,4,12,0,0
99,A,4,13,0,0
99,A,4,14,0,0
99,A,4,15,0,0
99,A,4,16,0,0
99,A,5,1,235,0
99,A,5,2,205,0
99,A,5,3,124,0
99,A,5,4,98,0
99,A,5,5,55,0
99,A,5,6,55,0
99,A,5,7,60,0
99,A,5,8,19,0
99,A,5,9,0,0
99,A,5,10,0,0
99,A,5,11,0,0
99,A,5,12,0,0
99,A,5,13,0,0
99,A,5,14,0,0
99,A,5,15,0,0
99,A,5,16,0,0
99,A,6,1,218,0
99,A,6,2,215,0
99,A,6,3,118,0
99,A,6,4,234,0
99,A,6,5,134,0
99,A,6,6,208,0
99,A,6,7,154,0
99,A,6,8,14,0
99,A,6,9,29,0
99,A,6,10,7,0
99,A,6,11,1,0
99,A,6,12,0,0
99,A,6,13,0,0
99,A,6,14,0,0
99,A,6,15,0,0
99,A,6,16,0,0
99,A,7,1,254,0
99,A,7,2,197,0
99,A,7,3,208,0
99,A,7,4,158,0
99,A,7,5,309,0
99,A,7,6,147,0
99,A,7,7,122,0
99,A,7,8,157,0
99,A,7,9,31,0
99,A,7,10,29,0
99,A,7,11,60,0
99,A,7,12,35,0
99,A,7,13,30,0
99,A,7,14,1,0
99,A,7,15,0,0
99,A,7,16,0,0
99,A,8,1,202,0
99,A,8,2,180,0
99,A,8,3,222,0
99,A,8,4,159,0
99,A,8,5,168,0
99,A,8,6,42,0
99,A,8,7,155,0
99,A,8,8,126,0
99,A,8,9,174,0
99,A,8,10,114,0
99,A,8,11,95,0
99,A,8,12,67,0
99,A,8,13,39,0
99,A,8,14,62,0
99,A,8,15,0,0
99,A,8,16,0,0
109,D,0,1,50,0
109,D,0,2,0,0
109,D,0,3,0,0
109,D,0,4,0,0
109,D,0,5,0,0
109,D,0,6,0,0
109,D,0,7,0,0
109,D,0,8,0,0
109,D,0,9,0,50
109,D,0,10,0,50
109,D,0,11,0,50
109,D,0,12,0,50
109,D,0,13,0,50
109,D,0,14,0,50
109,D,0,15,0,50
109,D,0,16,0,50
109,D,1,1,14,0
109,D,1,2,69,0
109,D,1,3,34,0
109,D,1,4,0,0
109,D,1,5,0,0
109,D,1,6,0,0
109,D,1,7,0,0
109,D,1,8,0,10
109,D,1,9,0,131
109,D,1,10,0,165
109,D,1,11,0,134
109,D,1,12,0,105
109,D,1,13,0,130
109,D,1,14,0,124
109,D,1,15,0,135
109,D,1,16,0,124
109,D,2,1,37,0
109,D,2,2,23,0
109,D,2,3,20,0
109,D,2,4,29,0
109,D,2,5,15,0
109,D,2,6,0,0
109,D,2,7,0,0
109,D,2,8,0,12
109,D,2,9,0,276
109,D,2,10,0,353
109,D,2,11,0,326
109,D,2,12,0,313
109,D,2,13,0,296
109,D,2,14,0,289
109,D,2,15,0,308
109,D,2,16,0,243
109,D,3,1,110,0
109,D,3,2,85,0
109,D,3,3,54,0
109,D,3,4,47,0
109,D,3,5,44,4
109,D,3,6,22,28
109,D,3,7,13,22
109,D,3,8,0,74
109,D,3,9,0,374
109,D,3,10,0,176
109,D,3,11,0,275
109,D,3,12,0,453
109,D,3,13,0,236
109,D,3,14,0,285
109,D,3,15,0,205
109,D,3,16,0,239
109,D,4,1,158,0
109,D,4,2,156,1
109,D,4,3,171,1
109,D,4,4,161,4
109,D,4,5,119,38
109,D,4,6,51,47
109,D,4,7,26,112
109,D,4,8,0,190
109,D,4,9,1,339
109,D,4,10,0,270
109,D,4,11,0,155
109,D,4,12,0,410
109,D,4,13,0,264
109,D,4,14,0,303
109,D,4,15,0,275
109,D,4,16,0,165
109,D,5,1,195,0
109,D,5,2,157,0
109,D,5,3,201,0
109,D,5,4,130,13
109,D,5,5,165,56
109,D,5,6,62,89
109,D,5,7,40,255
109,D,5,8,9,236
109,D,5,9,8,290
109,D,5,10,2,256
109,D,5,11,0,193
109,D,5,12,0,231
109,D,5,13,0,345
109,D,5,14,0,330
109,D,5,15,0,250
109,D,5,16,0,414
109,D,6,1,218,0
109,D,6,2,281,0
109,D,6,3,170,0
109,D,6,4,271,43
109,D,6,5,101,51
109,D,6,6,57,121
109,D,6,7,41,187
109,D,6,8,15,200
109,D,6,9,22,276
109,D,6,10,4,194
109,D,6,11,0,303
109,D,6,12,0,319
109,D,6,13,0,255
109,D,6,14,0,307
109,D,6,15,0,271
109,D,6,16,0,258
109,D,7,1,188,1
109,D,7,2,135,1
109,D,7,3,157,8
109,D,7,4,105,27
109,D,7,5,88,25
109,D,7,6,97,185
109,D,7,7,29,229
109,D,7,8,11,345
109,D,7,9,13,247
109,D,7,10,1,240
109,D,7,11,0,525
109,D,7,12,4,342
109,D,7,13,1,403
109,D,7,14,0,366
109,D,7,15,0,424
109,D,7,16,0,316
109,D,8,1,225,2
109,D,8,2,189,1
109,D,8,3,198,15
109,D,8,4,63,31
109,D,8,5,46,97
109,D,8,6,8,220
109,D,8,7,26,201
109,D,8,8,9,257
109,D,8,9,13,213
109,D,8,10,13,290
109,D,8,11,2,205
109,D,8,12,0,153
109,D,8,13,0,100
109,D,8,14,0,107
109,D,8,15,0,53
109,D,8,16,0,20
110,D,0,1,50,0
110,D,0,2,0,0
110,D,0,3,0,0
110,D,0,4,0,0
110,D,0,5,0,0
110,D,0,6,0,0
110,D,0,7,0,0
110,D,0,8,0,0
110,D,0,9,0,50
110,D,0,10,0,50
110,D,0,11,0,50
110,D,0,12,0,50
110,D,0,13,0,50
110,D,0,14,0,50
110,D,0,15,0,50
110,D,0,16,0,50
110,D,1,1,13,0
110,D,1,2,63,0
110,D,1,3,36,0
110,D,1,4,11,0
110,D,1,5,0,0
110,D,1,6,0,0
110,D,1,7,0,0
110,D,1,8,0,0
110,D,1,9,0,118
110,D,1,10,0,186
110,D,1,11,0,112
110,D,1,12,0,193
110,D,1,13,0,119
110,D,1,14,0,123
110,D,1,15,0,112
110,D,1,16,0,165
110,D,2,1,161,0
110,D,2,2,82,0
110,D,2,3,80,0
110,D,2,4,6,0
110,D,2,5,20,0
110,D,2,6,0,0
110,D,2,7,0,0
110,D,2,8,0,3
110,D,2,9,0,267
110,D,2,10,0,352
110,D,2,11,0,244
110,D,2,12,0,439
110,D,2,13,0,201
110,D,2,14,0,291
110,D,2,15,0,201
110,D,2,16,0,126
110,D,3,1,175,0
110,D,3,2,77,0
110,D,3,3,56,0
110,D,3,4,126,0
110,D,3,5,17,0
110,D,3,6,20,0
110,D,3,7,6,0
110,D,3,8,0,15
110,D,3,9,0,369
110,D,3,10,2,341
110,D,3,11,1,243
110,D,3,12,0,429
110,D,3,13,0,295
110,D,3,14,0,442
110,D,3,15,0,346
110,D,3,16,0,341
110,D,4,1,118,0
110,D,4,2,201,0
110,D,4,3,92,0
110,D,4,4,84,1
110,D,4,5,88,0
110,D,4,6,61,2
110,D,4,7,90,16
110,D,4,8,4,80
110,D,4,9,1,86
110,D,4,10,7,348
110,D,4,11,1,247
110,D,4,12,0,247
110,D,4,13,0,250
110,D,4,14,0,189
110,D,4,15,0,210
110,D,4,16,0,223
110,D,5,1,298,0
110,D,5,2,184,0
110,D,5,3,197,0
110,D,5,4,253,1
110,D,5,5,203,1
110,D,5,6,224,33
110,D,5,7,129,144
110,D,5,8,15,129
110,D,5,9,9,251
110,D,5,10,0,135
110,D,5,11,0,215
110,D,5,12,7,312
110,D,5,13,0,306
110,D,5,14,0,426
110,D,5,15,0,160
110,D,5,16,0,373
110,D,6,1,257,0
110,D,6,2,236,0
110,D,6,3,203,0
110,D,6,4,275,3
110,D,6,5,247,14
110,D,6,6,134,47
110,D,6,7,149,158
110,D,6,8,22,214
110,D,6,9,10,261
110,D,6,10,1,335
110,D,6,11,6,431
110,D,6,12,1,268
110,D,6,13,2,449
110,D,6,14,1,291
110,D,6,15,2,268
110,D,6,16,0,217
110,D,7,1,205,0
110,D,7,2,237,0
110,D,7,3,249,1
110,D,7,4,222,3
110,D,7,5,182,7
110,D,7,6,146,118
110,D,7,7,119,127
110,D,7,8,38,220
110,D,7,9,33,341
110,D,7,10,10,252
110,D,7,11,12,441
110,D,7,12,1,327
110,D,7,13,0,430
110,D,7,14,0,253
110,D,7,15,0,458
110,D,7,16,0,322
110,D,8,1,222,0
110,D,8,2,227,0
110,D,8,3,319,3
110,D,8,4,338,19
110,D,8,5,243,62
110,D,8,6,86,131
110,D,8,7,31,109
110,D,8,8,9,423
110,D,8,9,2,151
110,D,8,10,2,180
110,D,8,11,4,379
110,D,8,12,1,197
110,D,8,13,13,397
110,D,8,14,0,236
110,D,8,15,0,253
110,D,8,16,0,205
112,D,0,1,50,0
112,D,0,2,0,0
112,D,0,3,0,0
112,D,0,4,0,0
112,D,0,5,0,0
112,D,0,6,0,0
112,D,0,7,0,0
112,D,0,8,0,0
112,D,0,9,0,50
112,D,0,10,0,50
112,D,0,11,0,50
112,D,0,12,0,50
112,D,0,13,0,50
112,D,0,14,0,50
112,D,0,15,0,50
112,D,0,16,0,50
112,D,1,1,36,0
112,D,1,2,53,0
112,D,1,3,12,0
112,D,1,4,0,0
112,D,1,5,0,0
112,D,1,6,0,0
112,D,1,7,0,1
112,D,1,8,0,9
112,D,1,9,0,79
112,D,1,10,0,96
112,D,1,11,0,101
112,D,1,12,0,117
112,D,1,13,0,100
112,D,1,14,0,136
112,D,1,15,0,102
112,D,1,16,0,122
112,D,2,1,70,0
112,D,2,2,94,0
112,D,2,3,57,0
112,D,2,4,46,0
112,D,2,5,4,0
112,D,2,6,0,0
112,D,2,7,0,20
112,D,2,8,0,128
112,D,2,9,0,201
112,D,2,10,0,257
112,D,2,11,0,254
112,D,2,12,0,224
112,D,2,13,0,328
112,D,2,14,0,236
112,D,2,15,0,208
112,D,2,16,0,194
112,D,3,1,157,0
112,D,3,2,148,0
112,D,3,3,143,1
112,D,3,4,56,2
112,D,3,5,72,5
112,D,3,6,78,16
112,D,3,7,0,216
112,D,3,8,0,213
112,D,3,9,0,182
112,D,3,10,0,439
112,D,3,11,0,347
112,D,3,12,0,242
112,D,3,13,0,503
112,D,3,14,0,200
112,D,3,15,0,369
112,D,3,16,0,277
112,D,4,1,231,0
112,D,4,2,179,1
112,D,4,3,265,2
112,D,4,4,151,3
112,D,4,5,118,15
112,D,4,6,14,56
112,D,4,7,94,344
112,D,4,8,4,312
112,D,4,9,0,253
112,D,4,10,0,147
112,D,4,11,0,173
112,D,4,12,0,152
112,D,4,13,0,193
112,D,4,14,0,167
112,D,4,15,0,165
112,D,4,16,0,79
112,D,5,1,273,0
112,D,5,2,170,0
112,D,5,3,247,4
112,D,5,4,246,22
112,D,5,5,157,40
112,D,5,6,93,54
112,D,5,7,94,60
112,D,5,8,17,260
112,D,5,9,44,377
112,D,5,10,4,308
112,D,5,11,4,422
112,D,5,12,0,328
112,D,5,13,0,298
112,D,5,14,0,417
112,D,5,15,0,364
112,D,5,16,0,216
112,D,6,1,206,0
112,D,6,2,169,0
112,D,6,3,211,2
112,D,6,4,199,17
112,D,6,5,159,29
112,D,6,6,237,58
112,D,6,7,166,133
112,D,6,8,39,295
112,D,6,9,14,327
112,D,6,10,4,190
112,D,6,11,0,356
112,D,6,12,1,280
112,D,6,13,1,345
112,D,6,14,0,415
112,D,6,15,0,234
112,D,6,16,0,358
112,D,7,1,150,1
112,D,7,2,233,1
112,D,7,3,90,3
112,D,7,4,300,9
112,D,7,5,172,36
112,D,7,6,123,73
112,D,7,7,78,79
112,D,7,8,40,215
112,D,7,9,13,303
112,D,7,10,3,263
112,D,7,11,0,348
112,D,7,12,5,426
112,D,7,13,0,446
112,D,7,14,0,496
112,D,7,15,0,316
112,D,7,16,0,436
112,D,8,1,190,2
112,D,8,2,162,0
112,D,8,3,124,4
112,D,8,4,307,13
112,D,8,5,126,36
112,D,8,6,180,108
112,D,8,7,40,121
112,D,8,8,76,233
112,D,8,9,9,190
112,D,8,10,7,348
112,D,8,11,19,380
112,D,8,12,3,262
112,D,8,13,3,171
112,D,8,14,1,186
112,D,8,15,0,114
112,D,8,16,0,181
145,A,0,1,50,0
145,A,0,2,0,0
145,A,0,3,0,0
145,A,0,4,0,0
145,A,0,5,0,0
145,A,0,6,0,0
145,A,0,7,0,0
145,A,0,8,0,0
145,A,0,9,0,0
145,A,0,10,0,0
145,A,0,11,0,0
145,A,0,12,0,0
145,A,0,13,0,0
145,A,0,14,0,0
145,A,0,15,0,0
145,A,0,16,0,0
145,A,1,1,16,0
145,A,1,2,35,0
145,A,1,3,6,0
145,A,1,4,0,0
145,A,1,5,0,0
145,A,1,6,0,0
145,A,1,7,0,0
145,A,1,8,0,0
145,A,1,9,0,0
145,A,1,10,0,0
145,A,1,11,0,0
145,A,1,12,0,0
145,A,1,13,0,0
145,A,1,14,0,0
145,A,1,15,0,0
145,A,1,16,0,0
145,A,2,1,46,0
145,A,2,2,39,0
145,A,2,3,31,0
145,A,2,4,10,0
145,A,2,5,1,0
145,A,2,6,0,0
145,A,2,7,0,0
145,A,2,8,0,0
145,A,2,9,0,0
145,A,2,10,0,0
145,A,2,11,0,0
145,A,2,12,0,0
145,A,2,13,0,0
145,A,2,14,0,0
145,A,2,15,0,0
145,A,2,16,0,0
145,A,3,1,184,0
145,A,3,2,95,0
145,A,3,3,111,0
145,A,3,4,38,0
145,A,3,5,24,0
145,A,3,6,19,0
145,A,3,7,1,0
145,A,3,8,0,0
145,A,3,9,0,0
145,A,3,10,0,0
145,A,3,11,0,0
145,A,3,12,0,0
145,A,3,13,0,0
145,A,3,14,0,0
145,A,3,15,0,0
145,A,3,16,0,0
145,A,4,1,229,0
145,A,4,2,168,0
145,A,4,3,206,0
145,A,4,4,155,0
145,A,4,5,63,0
145,A,4,6,33,0
145,A,4,7,72,0
145,A,4,8,1,0
145,A,4,9,0,0
145,A,4,10,0,0
145,A,4,11,0,0
145,A,4,12,0,0
145,A,4,13,0,0
145,A,4,14,0,0
145,A,4,15,0,0
145,A,4,16,0,0
145,A,5,1,235,0
145,A,5,2,240,0
145,A,5,3,114,0
145,A,5,4,135,0
145,A,5,5,116,0
145,A,5,6,128,0
145,A,5,7,39,0
145,A,5,8,146,0
145,A,5,9,0,0
145,A,5,10,0,0
145,A,5,11,0,0
145,A,5,12,0,0
145,A,5,13,0,0
145,A,5,14,0,0
145,A,5,15,0,0
145,A,5,16,0,0
145,A,6,1,374,0
145,A,6,2,271,0
145,A,6,3,225,0
145,A,6,4,248,0
145,A,6,5,293,0
145,A,6,6,134,0
145,A,6,7,175,0
145,A,6,8,301,0
145,A,6,9,0,0
145,A,6,10,0,0
145,A,6,11,0,0
145,A,6,12,0,0
145,A,6,13,0,0
145,A,6,14,0,0
145,A,6,15,0,0
145,A,6,16,0,0
145,A,7,1,229,0
145,A,7,2,368,0
145,A,7,3,264,0
145,A,7,4,196,0
145,A,7,5,198,0
145,A,7,6,272,0
145,A,7,7,246,0
145,A,7,8,168,0
145,A,7,9,20,0
145,A,7,10,0,0
145,A,7,11,0,0
145,A,7,12,0,0
145,A,7,13,0,0
145,A,7,14,0,0
145,A,7,15,0,0
145,A,7,16,0,0
145,A,8,1,287,0
145,A,8,2,238,0
145,A,8,3,359,0
145,A,8,4,242,0
145,A,8,5,161,0
145,A,8,6,181,0
145,A,8,7,137,0
145,A,8,8,105,0
145,A,8,9,39,0
145,A,8,10,120,0
145,A,8,11,84,0
145,A,8,12,36,0
145,A,8,13,1,0
145,A,8,14,0,0
145,A,8,15,0,0
145,A,8,16,0,0
146,A,0,1,50,0
146,A,0,2,0,0
146,A,0,3,0,0
146,A,0,4,0,0
146,A,0,5,0,0
146,A,0,6,0,0
146,A,0,7,0,0
146,A,0,8,0,0
146,A,0,9,0,0
146,A,0,10,0,0
146,A,0,11,0,0
146,A,0,12,0,0
146,A,0,13,0,0
146,A,0,14,0,0
146,A,0,15,0,0
146,A,0,16,0,0
146,A,1,1,14,0
146,A,1,2,10,0
146,A,1,3,27,0
146,A,1,4,6,0
146,A,1,5,0,0
146,A,1,6,0,0
146,A,1,7,0,0
146,A,1,8,0,0
146,A,1,9,0,0
146,A,1,10,0,0
146,A,1,11,0,0
146,A,1,12,0,0
146,A,1,13,0,0
146,A,1,14,0,0
146,A,1,15,0,0
146,A,1,16,0,0
146,A,2,1,65,0
146,A,2,2,46,0
146,A,2,3,15,0
146,A,2,4,21,0
146,A,2,5,33,0
146,A,2,6,17,0
146,A,2,7,0,0
146,A,2,8,0,0
146,A,2,9,0,0
146,A,2,10,0,0
146,A,2,11,0,0
146,A,2,12,0,0
146,A,2,13,0,0
146,A,2,14,0,0
146,A,2,15,0,0
146,A,2,16,0,0
146,A,3,1,211,0
146,A,3,2,109,0
146,A,3,3,90,0
146,A,3,4,114,0
146,A,3,5,56,0
146,A,3,6,34,0
146,A,3,7,47,0
146,A,3,8,19,0
146,A,3,9,0,0
146,A,3,10,0,0
146,A,3,11,0,0
146,A,3,12,0,0
146,A,3,13,0,0
146,A,3,14,0,0
146,A,3,15,0,0
146,A,3,16,0,0
146,A,4,1,220,0
146,A,4,2,189,0
146,A,4,3,162,0
146,A,4,4,157,0
146,A,4,5,57,0
146,A,4,6,111,0
146,A,4,7,107,0
146,A,4,8,23,0
146,A,4,9,49,0
146,A,4,10,30,0
146,A,4,11,2,0
146,A,4,12,0,0
146,A,4,13,0,0
146,A,4,14,0,0
146,A,4,15,0,0
146,A,4,16,0,0
146,A,5,1,153,0
146,A,5,2,215,0
146,A,5,3,162,0
146,A,5,4,121,0
146,A,5,5,187,0
146,A,5,6,67,0
146,A,5,7,113,0
146,A,5,8,110,0
146,A,5,9,65,0
146,A,5,10,87,0
146,A,5,11,18,0
146,A,5,12,1,0
146,A,5,13,0,0
146,A,5,14,0,0
146,A,5,15,0,0
146,A,5,16,0,0
146,A,6,1,244,0
146,A,6,2,323,0
146,A,6,3,141,0
146,A,6,4,245,0
146,A,6,5,205,0
146,A,6,6,164,0
146,A,6,7,221,0
146,A,6,8,159,0
146,A,6,9,148,0
146,A,6,10,104,0
146,A,6,11,115,0
146,A,6,12,70,0
146,A,6,13,43,0
146,A,6,14,29,0
146,A,6,15,7,0
146,A,6,16,0,0
146,A,7,1,331,0
146,A,7,2,178,0
146,A,7,3,282,0
146,A,7,4,144,0
146,A,7,5,253,0
146,A,7,6,191,0
146,A,7,7,198,0
146,A,7,8,167,0
146,A,7,9,208,0
146,A,7,10,166,0
146,A,7,11,224,0
146,A,7,12,114,0
146,A,7,13,51,0
146,A,7,14,50,0
146,A,7,15,36,0
146,A,7,16,35,0
146,A,8,1,309,0
146,A,8,2,176,0
146,A,8,3,210,0
146,A,8,4,273,0
146,A,8,5,151,0
146,A,8,6,281,0
146,A,8,7,159,0
146,A,8,8,168,0
146,A,8,9,241,0
146,A,8,10,199,0
146,A,8,11,272,0
146,A,8,12,190,0
146,A,8,13,154,0
146,A,8,14,140,0
146,A,8,15,128,0
146,A,8,16,113,0
147,A,0,1,50,0
147,A,0,2,0,0
147,A,0,3,0,0
147,A,0,4,0,0
147,A,0,5,0,0
147,A,0,6,0,0
147,A,0,7,0,0
147,A,0,8,0,0
147,A,0,9,0,0
147,A,0,10,0,0
147,A,0,11,0,0
147,A,0,12,0,0
147,A,0,13,0,0
147,A,0,14,0,0
147,A,0,15,0,0
147,A,0,16,0,0
147,A,1,1,9,0
147,A,1,2,38,0
147,A,1,3,4,0
147,A,1,4,0,0
147,A,1,5,0,0
147,A,1,6,0,0
147,A,1,7,0,0
147,A,1,8,0,0
147,A,1,9,0,0
147,A,1,10,0,0
147,A,1,11,0,0
147,A,1,12,0,0
147,A,1,13,0,0
147,A,1,14,0,0
147,A,1,15,0,0
147,A,1,16,0,0
147,A,2,1,40,0
147,A,2,2,32,0
147,A,2,3,26,0
147,A,2,4,39,0
147,A,2,5,3,0
147,A,2,6,0,0
147,A,2,7,0,0
147,A,2,8,0,0
147,A,2,9,0,0
147,A,2,10,0,0
147,A,2,11,0,0
147,A,2,12,0,0
147,A,2,13,0,0
147,A,2,14,0,0
147,A,2,15,0,0
147,A,2,16,0,0
147,A,3,1,119,0
147,A,3,2,141,0
147,A,3,3,138,0
147,A,3,4,64,0
147,A,3,5,34,0
147,A,3,6,32,0
147,A,3,7,0,0
147,A,3,8,0,0
147,A,3,9,0,0
147,A,3,10,0,0
147,A,3,11,0,0
147,A,3,12,0,0
147,A,3,13,0,0
147,A,3,14,0,0
147,A,3,15,0,0
147,A,3,16,0,0
147,A,4,1,216,0
147,A,4,2,183,0
147,A,4,3,171,0
147,A,4,4,115,0
147,A,4,5,103,0
147,A,4,6,105,0
147,A,4,7,25,0
147,A,4,8,0,0
147,A,4,9,0,0
147,A,4,10,0,0
147,A,4,11,0,0
147,A,4,12,0,0
147,A,4,13,0,0
147,A,4,14,0,0
147,A,4,15,0,0
147,A,4,16,0,0
147,A,5,1,200,0
147,A,5,2,180,0
147,A,5,3,159,0
147,A,5,4,213,0
147,A,5,5,104,0
147,A,5,6,109,0
147,A,5,7,52,0
147,A,5,8,67,0
147,A,5,9,58,0
147,A,5,10,1,0
147,A,5,11,0,0
147,A,5,12,0,0
147,A,5,13,0,0
147,A,5,14,0,0
147,A,5,15,0,0
147,A,5,16,0,0
147,A,6,1,267,0
147,A,6,2,302,0
147,A,6,3,307,0
147,A,6,4,207,0
147,A,6,5,184,0
147,A,6,6,87,0
147,A,6,7,90,0
147,A,6,8,180,0
147,A,6,9,232,0
147,A,6,10,272,0
147,A,6,11,0,0
147,A,6,12,0,0
147,A,6,13,0,0
147,A,6,14,0,0
147,A,6,15,0,0
147,A,6,16,0,0
147,A,7,1,241,0
147,A,7,2,239,0
147,A,7,3,250,0
147,A,7,4,207,0
147,A,7,5,229,0
147,A,7,6,272,0
147,A,7,7,160,0
147,A,7,8,226,0
147,A,7,9,226,0
147,A,7,10,173,0
147,A,7,11,78,0
147,A,7,12,0,0
147,A,7,13,0,0
147,A,7,14,0,0
147,A,7,15,0,0
147,A,7,16,0,0
147,A,8,1,220,0
147,A,8,2,204,0
147,A,8,3,266,0
147,A,8,4,371,0
147,A,8,5,202,0
147,A,8,6,198,0
147,A,8,7,303,0
147,A,8,8,326,0
147,A,8,9,115,0
147,A,8,10,217,0
147,A,8,11,92,0
147,A,8,12,59,0
147,A,8,13,20,0
147,A,8,14,16,0
147,A,8,15,0,0
147,A,8,16,0,0
157,D,0,1,50,0
157,D,0,2,0,0
157,D,0,3,0,0
157,D,0,4,0,0
157,D,0,5,0,0
157,D,0,6,0,0
157,D,0,7,0,0
157,D,0,8,0,0
157,D,0,9,0,50
157,D,0,10,0,50
157,D,0,11,0,50
157,D,0,12,0,50
157,D,0,13,0,50
157,D,0,14,0,50
157,D,0,15,0,50
157,D,0,16,0,50
157,D,1,1,21,0
157,D,1,2,23,0
157,D,1,3,0,0
157,D,1,4,0,0
157,D,1,5,0,0
157,D,1,6,0,0
157,D,1,7,0,0
157,D,1,8,0,8
157,D,1,9,0,129
157,D,1,10,0,74
157,D,1,11,0,84
157,D,1,12,0,62
157,D,1,13,0,78
157,D,1,14,0,88
157,D,1,15,0,100
157,D,1,16,0,74
157,D,2,1,38,0
157,D,2,2,15,0
157,D,2,3,43,0
157,D,2,4,2,0
157,D,2,5,0,0
157,D,2,6,0,4
157,D,2,7,0,43
157,D,2,8,0,200
157,D,2,9,0,155
157,D,2,10,0,244
157,D,2,11,0,251
157,D,2,12,0,184
157,D,2,13,0,155
157,D,2,14,0,236
157,D,2,15,0,137
157,D,2,16,0,193
157,D,3,1,60,1
157,D,3,2,88,0
157,D,3,3,71,1
157,D,3,4,42,1
157,D,3,5,49,4
157,D,3,6,4,92
157,D,3,7,0,202
157,D,3,8,0,263
157,D,3,9,0,338
157,D,3,10,0,303
157,D,3,11,0,415
157,D,3,12,0,255
157,D,3,13,0,336
157,D,3,14,0,425
157,D,3,15,0,256
157,D,3,16,0,382
157,D,4,1,131,0
157,D,4,2,169,2
157,D,4,3,88,8
157,D,4,4,67,19
157,D,4,5,32,110
157,D,4,6,103,221
157,D,4,7,1,260
157,D,4,8,0,227
157,D,4,9,0,357
157,D,4,10,0,306
157,D,4,11,0,389
157,D,4,12,0,287
157,D,4,13,0,332
157,D,4,14,0,253
157,D,4,15,0,191
157,D,4,16,0,229
157,D,5,1,171,6
157,D,5,2,287,9
157,D,5,3,103,14
157,D,5,4,244,109
157,D,5,5,63,137
157,D,5,6,62,205
157,D,5,7,16,331
157,D,5,8,3,385
157,D,5,9,0,288
157,D,5,10,0,200
157,D,5,11,0,357
157,D,5,12,0,262
157,D,5,13,0,241
157,D,5,14,0,373
157,D,5,15,0,315
157,D,5,16,0,346
157,D,6,1,316,7
157,D,6,2,334,28
157,D,6,3,219,86
157,D,6,4,194,99
157,D,6,5,126,220
157,D,6,6,38,193
157,D,6,7,30,282
157,D,6,8,0,307
157,D,6,9,5,459
157,D,6,10,6,323
157,D,6,11,0,435
157,D,6,12,0,318
157,D,6,13,0,324
157,D,6,14,0,526
157,D,6,15,0,363
157,D,6,16,0,241
157,D,7,1,498,14
157,D,7,2,325,43
157,D,7,3,200,87
157,D,7,4,193,121
157,D,7,5,72,122
157,D,7,6,59,288
157,D,7,7,6,322
157,D,7,8,50,341
157,D,7,9,21,320
157,D,7,10,1,180
157,D,7,11,0,556
157,D,7,12,0,355
157,D,7,13,0,300
157,D,7,14,0,433
157,D,7,15,0,441
157,D,7,16,0,409
157,D,8,1,349,18
157,D,8,2,186,52
157,D,8,3,119,78
157,D,8,4,173,113
157,D,8,5,61,157
157,D,8,6,10,375
157,D,8,7,116,220
157,D,8,8,3,207
157,D,8,9,6,434
157,D,8,10,43,271
157,D,8,11,2,171
157,D,8,12,0,95
157,D,8,13,0,301
157,D,8,14,0,531
157,D,8,15,0,234
157,D,8,16,0,309
158,D,0,1,50,0
158,D,0,2,0,0
158,D,0,3,0,0
158,D,0,4,0,0
158,D,0,5,0,0
158,D,0,6,0,0
158,D,0,7,0,0
158,D,0,8,0,0
158,D,0,9,0,50
158,D,0,10,0,50
158,D,0,11,0,50
158,D,0,12,0,50
158,D,0,13,0,50
158,D,0,14,0,50
158,D,0,15,0,50
158,D,0,16,0,50
158,D,1,1,25,0
158,D,1,2,17,0
158,D,1,3,28,0
158,D,1,4,0,0
158,D,1,5,0,0
158,D,1,6,0,0
158,D,1,7,0,0
158,D,1,8,0,0
158,D,1,9,0,34
158,D,1,10,0,93
158,D,1,11,0,68
158,D,1,12,0,89
158,D,1,13,0,89
158,D,1,14,0,123
158,D,1,15,0,105
158,D,1,16,0,118
158,D,2,1,104,0
158,D,2,2,74,0
158,D,2,3,33,0
158,D,2,4,48,0
158,D,2,5,8,0
158,D,2,6,0,0
158,D,2,7,0,1
158,D,2,8,0,4
158,D,2,9,0,194
158,D,2,10,0,186
158,D,2,11,0,242
158,D,2,12,0,190
158,D,2,13,0,244
158,D,2,14,0,238
158,D,2,15,0,229
158,D,2,16,0,210
158,D,3,1,197,0
158,D,3,2,108,0
158,D,3,3,103,0
158,D,3,4,101,0
158,D,3,5,22,0
158,D,3,6,57,0
158,D,3,7,3,7
158,D,3,8,0,40
158,D,3,9,0,377
158,D,3,10,0,320
158,D,3,11,0,316
158,D,3,12,0,217
158,D,3,13,0,239
158,D,3,14,0,263
158,D,3,15,0,316
158,D,3,16,0,223
158,D,4,1,220,0
158,D,4,2,111,0
158,D,4,3,158,0
158,D,4,4,153,0
158,D,4,5,118,1
158,D,4,6,135,5
158,D,4,7,50,51
158,D,4,8,4,92
158,D,4,9,1,146
158,D,4,10,0,272
158,D,4,11,0,171
158,D,4,12,0,199
158,D,4,13,0,259
158,D,4,14,0,209
158,D,4,15,0,255
158,D,4,16,0,214
158,D,5,1,223,0
158,D,5,2,211,0
158,D,5,3,173,0
158,D,5,4,303,5
158,D,5,5,81,5
158,D,5,6,210,50
158,D,5,7,80,162
158,D,5,8,11,254
158,D,5,9,1,166
158,D,5,10,1,364
158,D,5,11,0,307
158,D,5,12,0,395
158,D,5,13,0,295
158,D,5,14,0,265
158,D,5,15,0,326
158,D,5,16,0,316
158,D,6,1,333,0
158,D,6,2,239,0
158,D,6,3,446,1
158,D,6,4,213,15
158,D,6,5,187,33
158,D,6,6,130,49
158,D,6,7,68,203
158,D,6,8,36,235
158,D,6,9,0,376
158,D,6,10,0,450
158,D,6,11,0,314
158,D,6,12,0,436
158,D,6,13,0,369
158,D,6,14,0,203
158,D,6,15,0,276
158,D,6,16,0,314
158,D,7,1,219,0
158,D,7,2,250,0
158,D,7,3,313,9
158,D,7,4,189,20
158,D,7,5,208,40
158,D,7,6,158,138
158,D,7,7,45,162
158,D,7,8,7,175
158,D,7,9,94,351
158,D,7,10,20,257
158,D,7,11,3,439
158,D,7,12,0,552
158,D,7,13,0,286
158,D,7,14,0,281
158,D,7,15,0,279
158,D,7,16,0,560
158,D,8,1,217,0
158,D,8,2,263,3
158,D,8,3,163,8
158,D,8,4,271,20
158,D,8,5,208,50
158,D,8,6,69,98
158,D,8,7,76,150
158,D,8,8,59,204
158,D,8,9,53,143
158,D,8,10,32,172
158,D,8,11,6,287
158,D,8,12,46,288
158,D,8,13,0,358
158,D,8,14,2,331
158,D,8,15,0,338
158,D,8,16,0,208
160,D,0,1,50,0
160,D,0,2,0,0
160,D,0,3,0,0
160,D,0,4,0,0
160,D,0,5,0,0
160,D,0,6,0,0
160,D,0,7,0,0
160,D,0,8,0,0
160,D,0,9,0,50
160,D,0,10,0,50
160,D,0,11,0,50
160,D,0,12,0,50
160,D,0,13,0,50
160,D,0,14,0,50
160,D,0,15,0,50
160,D,0,16,0,50
160,D,1,1,13,0
160,D,1,2,36,0
160,D,1,3,5,0
160,D,1,4,1,0
160,D,1,5,0,0
160,D,1,6,0,0
160,D,1,7,0,0
160,D,1,8,0,0
160,D,1,9,0,92
160,D,1,10,0,114
160,D,1,11,0,109
160,D,1,12,0,105
160,D,1,13,0,93
160,D,1,14,0,89
160,D,1,15,0,94
160,D,1,16,0,82
160,D,2,1,98,0
160,D,2,2,21,0
160,D,2,3,35,0
160,D,2,4,30,0
160,D,2,5,4,0
160,D,2,6,0,0
160,D,2,7,0,0
160,D,2,8,0,12
160,D,2,9,0,304
160,D,2,10,0,345
160,D,2,11,0,188
160,D,2,12,0,315
160,D,2,13,0,365
160,D,2,14,0,233
160,D,2,15,0,185
160,D,2,16,0,250
160,D,3,1,228,0
160,D,3,2,116,0
160,D,3,3,117,0
160,D,3,4,86,0
160,D,3,5,45,0
160,D,3,6,33,0
160,D,3,7,5,8
160,D,3,8,0,107
160,D,3,9,0,416
160,D,3,10,0,311
160,D,3,11,0,282
160,D,3,12,0,299
160,D,3,13,0,413
160,D,3,14,0,251
160,D,3,15,0,367
160,D,3,16,0,334
160,D,4,1,192,0
160,D,4,2,138,0
160,D,4,3,170,0
160,D,4,4,185,0
160,D,4,5,109,3
160,D,4,6,32,22
160,D,4,7,6,85
160,D,4,8,2,156
160,D,4,9,9,409
160,D,4,10,5,298
160,D,4,11,0,376
160,D,4,12,0,420
160,D,4,13,0,333
160,D,4,14,0,389
160,D,4,15,0,235
160,D,4,16,0,247
160,D,5,1,304,0
160,D,5,2,222,0
160,D,5,3,240,0
160,D,5,4,203,1
160,D,5,5,214,47
160,D,5,6,79,27
160,D,5,7,39,332
160,D,5,8,19,282
160,D,5,9,6,254
160,D,5,10,2,226
160,D,5,11,4,269
160,D,5,12,15,319
160,D,5,13,0,258
160,D,5,14,2,209
160,D,5,15,0,90
160,D,5,16,0,438
160,D,6,1,245,0
160,D,6,2,296,1
160,D,6,3,308,2
160,D,6,4,272,7
160,D,6,5,143,51
160,D,6,6,154,154
160,D,6,7,53,139
160,D,6,8,12,266
160,D,6,9,22,408
160,D,6,10,16,372
160,D,6,11,7,295
160,D,6,12,14,266
160,D,6,13,6,331
160,D,6,14,0,354
160,D,6,15,0,243
160,D,6,16,2,268
160,D,7,1,259,1
160,D,7,2,273,2
160,D,7,3,335,14
160,D,7,4,200,37
160,D,7,5,186,64
160,D,7,6,143,161
160,D,7,7,79,132
160,D,7,8,9,158
160,D,7,9,72,441
160,D,7,10,1,168
160,D,7,11,3,442
160,D,7,12,19,260
160,D,7,13,12,461
160,D,7,14,0,454
160,D,7,15,1,314
160,D,7,16,3,338
160,D,8,1,248,3
160,D,8,2,391,6
160,D,8,3,287,11
160,D,8,4,178,40
160,D,8,5,124,37
160,D,8,6,132,141
160,D,8,7,190,202
160,D,8,8,60,197
160,D,8,9,53,150
160,D,8,10,79,146
160,D,8,11,16,211
160,D,8,12,6,144
160,D,8,13,8,146
160,D,8,14,9,132
160,D,8,15,9,105
160,D,8,16,15,78
193,A,0,1,50,0
193,A,0,2,0,0
193,A,0,3,0,0
193,A,0,4,0,0
193,A,0,5,0,0
193,A,0,6,0,0
193,A,0,7,0,0
193,A,0,8,0,0
193,A,0,9,0,0
193,A,0,10,0,0
193,A,0,11,0,0
193,A,0,12,0,0
193,A,0,13,0,0
193,A,0,14,0,0
193,A,0,15,0,0
193,A,0,16,0,0
193,A,1,1,28,0
193,A,1,2,15,0
193,A,1,3,7,0
193,A,1,4,1,0
193,A,1,5,0,0
193,A,1,6,0,0
193,A,1,7,0,0
193,A,1,8,0,0
193,A,1,9,0,0
193,A,1,10,0,0
193,A,1,11,0,0
193,A,1,12,0,0
193,A,1,13,0,0
193,A,1,14,0,0
193,A,1,15,0,0
193,A,1,16,0,0
193,A,2,1,42,0
193,A,2,2,86,0
193,A,2,3,22,0
193,A,2,4,26,0
193,A,2,5,12,0
193,A,2,6,0,0
193,A,2,7,0,0
193,A,2,8,0,0
193,A,2,9,0,0
193,A,2,10,0,0
193,A,2,11,0,0
193,A,2,12,0,0
193,A,2,13,0,0
193,A,2,14,0,0
193,A,2,15,0,0
193,A,2,16,0,0
193,A,3,1,80,0
193,A,3,2,169,0
193,A,3,3,81,0
193,A,3,4,107,0
193,A,3,5,29,0
193,A,3,6,44,0
193,A,3,7,10,0
193,A,3,8,0,0
193,A,3,9,0,0
193,A,3,10,0,0
193,A,3,11,0,0
193,A,3,12,0,0
193,A,3,13,0,0
193,A,3,14,0,0
193,A,3,15,0,0
193,A,3,16,0,0
193,A,4,1,50,0
193,A,4,2,154,0
193,A,4,3,71,0
193,A,4,4,81,0
193,A,4,5,51,0
193,A,4,6,61,0
193,A,4,7,10,0
193,A,4,8,47,0
193,A,4,9,0,0
193,A,4,10,0,0
193,A,4,11,0,0
193,A,4,12,0,0
193,A,4,13,0,0
193,A,4,14,0,0
193,A,4,15,0,0
193,A,4,16,0,0
193,A,5,1,125,0
193,A,5,2,152,0
193,A,5,3,159,0
193,A,5,4,148,0
193,A,5,5,120,0
193,A,5,6,125,0
193,A,5,7,121,0
193,A,5,8,60,0
193,A,5,9,93,0
193,A,5,10,0,0
193,A,5,11,0,0
193,A,5,12,0,0
193,A,5,13,0,0
193,A,5,14,0,0
193,A,5,15,0,0
193,A,5,16,0,0
193,A,6,1,190,0
193,A,6,2,199,0
193,A,6,3,339,0
193,A,6,4,169,0
193,A,6,5,128,0
193,A,6,6,203,0
193,A,6,7,186,0
193,A,6,8,177,0
193,A,6,9,153,0
193,A,6,10,0,0
193,A,6,11,0,0
193,A,6,12,0,0
193,A,6,13,0,0
193,A,6,14,0,0
193,A,6,15,0,0
193,A,6,16,0,0
193,A,7,1,268,0
193,A,7,2,208,0
193,A,7,3,248,0
193,A,7,4,277,0
193,A,7,5,233,0
193,A,7,6,180,0
193,A,7,7,223,0
193,A,7,8,158,0
193,A,7,9,214,0
193,A,7,10,40,0
193,A,7,11,1,0
193,A,7,12,0,0
193,A,7,13,0,0
193,A,7,14,0,0
193,A,7,15,0,0
193,A,7,16,0,0
193,A,8,1,186,0
193,A,8,2,172,0
193,A,8,3,218,0
193,A,8,4,220,0
193,A,8,5,191,0
193,A,8,6,139,0
193,A,8,7,171,0
193,A,8,8,142,0
193,A,8,9,148,0
193,A,8,10,91,0
193,A,8,11,34,0
193,A,8,12,42,0
193,A,8,13,0,0
193,A,8,14,0,0
193,A,8,15,0,0
193,A,8,16,0,0
195,A,0,1,50,0
195,A,0,2,0,0
195,A,0,3,0,0
195,A,0,4,0,0
195,A,0,5,0,0
195,A,0,6,0,0
195,A,0,7,0,0
195,A,0,8,0,0
195,A,0,9,0,0
195,A,0,10,0,0
195,A,0,11,0,0
195,A,0,12,0,0
195,A,0,13,0,0
195,A,0,14,0,0
195,A,0,15,0,0
195,A,0,16,0,0
195,A,1,1,7,0
195,A,1,2,34,0
195,A,1,3,11,0
195,A,1,4,11,0
195,A,1,5,0,0
195,A,1,6,0,0
195,A,1,7,0,0
195,A,1,8,0,0
195,A,1,9,0,0
195,A,1,10,0,0
195,A,1,11,0,0
195,A,1,12,0,0
195,A,1,13,0,0
195,A,1,14,0,0
195,A,1,15,0,0
195,A,1,16,0,0
195,A,2,1,93,0
195,A,2,2,121,0
195,A,2,3,62,0
195,A,2,4,12,0
195,A,2,5,52,0
195,A,2,6,27,0
195,A,2,7,11,0
195,A,2,8,0,0
195,A,2,9,0,0
195,A,2,10,0,0
195,A,2,11,0,0
195,A,2,12,0,0
195,A,2,13,0,0
195,A,2,14,0,0
195,A,2,15,0,0
195,A,2,16,0,0
195,A,3,1,180,0
195,A,3,2,121,0
195,A,3,3,100,0
195,A,3,4,116,0
195,A,3,5,101,0
195,A,3,6,45,0
195,A,3,7,60,0
195,A,3,8,30,0
195,A,3,9,14,0
195,A,3,10,1,0
195,A,3,11,0,0
195,A,3,12,0,0
195,A,3,13,0,0
195,A,3,14,0,0
195,A,3,15,0,0
195,A,3,16,0,0
195,A,4,1,92,0
195,A,4,2,98,0
195,A,4,3,99,0
195,A,4,4,117,0
195,A,4,5,129,0
195,A,4,6,102,0
195,A,4,7,83,0
195,A,4,8,56,0
195,A,4,9,42,0
195,A,4,10,37,0
195,A,4,11,21,0
195,A,4,12,1,0
195,A,4,13,0,0
195,A,4,14,0,0
195,A,4,15,0,0
195,A,4,16,0,0
195,A,5,1,143,0
195,A,5,2,199,0
195,A,5,3,89,0
195,A,5,4,133,0
195,A,5,5,151,0
195,A,5,6,140,0
195,A,5,7,118,0
195,A,5,8,156,0
195,A,5,9,156,0
195,A,5,10,102,0
195,A,5,11,84,0
195,A,5,12,4,0
195,A,5,13,0,0
195,A,5,14,0,0
195,A,5,15,0,0
195,A,5,16,0,0
195,A,6,1,143,0
195,A,6,2,343,0
195,A,6,3,186,0
195,A,6,4,234,0
195,A,6,5,246,0
195,A,6,6,288,0
195,A,6,7,176,0
195,A,6,8,201,0
195,A,6,9,200,0
195,A,6,10,231,0
195,A,6,11,77,0
195,A,6,12,57,0
195,A,6,13,44,0
195,A,6,14,0,0
195,A,6,15,0,0
195,A,6,16,0,0
195,A,7,1,170,0
195,A,7,2,142,0
195,A,7,3,289,0
195,A,7,4,231,0
195,A,7,5,219,0
195,A,7,6,143,0
195,A,7,7,179,0
195,A,7,8,181,0
195,A,7,9,279,0
195,A,7,10,147,0
195,A,7,11,68,0
195,A,7,12,97,0
195,A,7,13,28,0
195,A,7,14,81,0
195,A,7,15,83,0
195,A,7,16,25,0
195,A,8,1,186,0
195,A,8,2,235,0
195,A,8,3,256,0
195,A,8,4,255,0
195,A,8,5,180,0
195,A,8,6,329,0
195,A,8,7,185,0
195,A,8,8,202,0
195,A,8,9,221,0
195,A,8,10,170,0
195,A,8,11,172,0
195,A,8,12,173,0
195,A,8,13,130,0
195,A,8,14,149,0
195,A,8,15,102,0
195,A,8,16,157,0
196,A,0,1,50,0
196,A,0,2,0,0
196,A,0,3,0,0
196,A,0,4,0,0
196,A,0,5,0,0
196,A,0,6,0,0
196,A,0,7,0,0
196,A,0,8,0,0
196,A,0,9,0,0
196,A,0,10,0,0
196,A,0,11,0,0
196,A,0,12,0,0
196,A,0,13,0,0
196,A,0,14,0,0
196,A,0,15,0,0
196,A,0,16,0,0
196,A,1,1,14,0
196,A,1,2,16,0
196,A,1,3,14,0
196,A,1,4,0,0
196,A,1,5,0,0
196,A,1,6,0,0
196,A,1,7,0,0
196,A,1,8,0,0
196,A,1,9,0,0
196,A,1,10,0,0
196,A,1,11,0,0
196,A,1,12,0,0
196,A,1,13,0,0
196,A,1,14,0,0
196,A,1,15,0,0
196,A,1,16,0,0
196,A,2,1,77,0
196,A,2,2,45,0
196,A,2,3,21,0
196,A,2,4,39,0
196,A,2,5,42,0
196,A,2,6,2,0
196,A,2,7,0,0
196,A,2,8,0,0
196,A,2,9,0,0
196,A,2,10,0,0
196,A,2,11,0,0
196,A,2,12,0,0
196,A,2,13,0,0
196,A,2,14,0,0
196,A,2,15,0,0
196,A,2,16,0,0
196,A,3,1,124,0
196,A,3,2,120,0
196,A,3,3,65,0
196,A,3,4,101,0
196,A,3,5,42,0
196,A,3,6,43,0
196,A,3,7,31,0
196,A,3,8,0,0
196,A,3,9,0,0
196,A,3,10,0,0
196,A,3,11,0,0
196,A,3,12,0,0
196,A,3,13,0,0
196,A,3,14,0,0
196,A,3,15,0,0
196,A,3,16,0,0
196,A,4,1,97,0
196,A,4,2,150,0
196,A,4,3,55,0
196,A,4,4,65,0
196,A,4,5,81,0
196,A,4,6,29,0
196,A,4,7,50,0
196,A,4,8,20,0
196,A,4,9,21,0
196,A,4,10,1,0
196,A,4,11,0,0
196,A,4,12,0,0
196,A,4,13,0,0
196,A,4,14,0,0
196,A,4,15,0,0
196,A,4,16,0,0
196,A,5,1,181,0
196,A,5,2,232,0
196,A,5,3,240,0
196,A,5,4,135,0
196,A,5,5,149,0
196,A,5,6,154,0
196,A,5,7,118,0
196,A,5,8,122,0
196,A,5,9,51,0
196,A,5,10,51,0
196,A,5,11,28,0
196,A,5,12,4,0
196,A,5,13,0,0
196,A,5,14,0,0
196,A,5,15,0,0
196,A,5,16,0,0
196,A,6,1,248,0
196,A,6,2,188,0
196,A,6,3,282,0
196,A,6,4,178,0
196,A,6,5,117,0
196,A,6,6,282,0
196,A,6,7,192,0
196,A,6,8,236,0
196,A,6,9,155,0
196,A,6,10,61,0
196,A,6,11,71,0
196,A,6,12,59,0
196,A,6,13,40,0
196,A,6,14,52,0
196,A,6,15,0,0
196,A,6,16,0,0
196,A,7,1,162,0
196,A,7,2,403,0
196,A,7,3,230,0
196,A,7,4,283,0
196,A,7,5,222,0
196,A,7,6,233,0
196,A,7,7,154,0
196,A,7,8,348,0
196,A,7,9,255,0
196,A,7,10,126,0
196,A,7,11,154,0
196,A,7,12,148,0
196,A,7,13,86,0
196,A,7,14,87,0
196,A,7,15,0,0
196,A,7,16,0,0
196,A,8,1,248,0
196,A,8,2,150,0
196,A,8,3,251,0
196,A,8,4,188,0
196,A,8,5,241,0
196,A,8,6,167,0
196,A,8,7,249,0
196,A,8,8,167,0
196,A,8,9,183,0
196,A,8,10,173,0
196,A,8,11,214,0
196,A,8,12,145,0
196,A,8,13,113,0
196,A,8,14,48,0
196,A,8,15,97,0
196,A,8,16,42,0
205,D,0,1,50,0
205,D,0,2,0,0
205,D,0,3,0,0
205,D,0,4,0,0
205,D,0,5,0,0
205,D,0,6,0,0
205,D,0,7,0,0
205,D,0,8,0,0
205,D,0,9,0,50
205,D,0,10,0,50
205,D,0,11,0,50
205,D,0,12,0,50
205,D,0,13,0,50
205,D,0,14,0,50
205,D,0,15,0,50
205,D,0,16,0,50
205,D,1,1,2,0
205,D,1,2,28,0
205,D,1,3,20,0
205,D,1,4,6,0
205,D,1,5,0,0
205,D,1,6,0,0
205,D,1,7,0,0
205,D,1,8,0,3
205,D,1,9,0,76
205,D,1,10,0,120
205,D,1,11,0,113
205,D,1,12,0,86
205,D,1,13,0,90
205,D,1,14,0,79
205,D,1,15,0,57
205,D,1,16,0,68
205,D,2,1,107,0
205,D,2,2,13,0
205,D,2,3,53,0
205,D,2,4,46,0
205,D,2,5,43,0
205,D,2,6,0,0
205,D,2,7,0,2
205,D,2,8,0,122
205,D,2,9,0,222
205,D,2,10,0,192
205,D,2,11,0,328
205,D,2,12,0,267
205,D,2,13,0,257
205,D,2,14,0,197
205,D,2,15,0,274
205,D,2,16,0,177
205,D,3,1,152,0
205,D,3,2,109,0
205,D,3,3,88,0
205,D,3,4,83,0
205,D,3,5,59,1
205,D,3,6,63,3
205,D,3,7,18,20
205,D,3,8,1,267
205,D,3,9,1,290
205,D,3,10,0,309
205,D,3,11,0,259
205,D,3,12,0,315
205,D,3,13,0,303
205,D,3,14,0,306
205,D,3,15,0,284
205,D,3,16,0,172
205,D,4,1,147,0
205,D,4,2,116,0
205,D,4,3,131,0
205,D,4,4,76,0
205,D,4,5,61,0
205,D,4,6,74,62
205,D,4,7,20,128
205,D,4,8,16,146
205,D,4,9,3,216
205,D,4,10,0,363
205,D,4,11,0,190
205,D,4,12,0,322
205,D,4,13,0,237
205,D,4,14,0,244
205,D,4,15,0,278
205,D,4,16,0,301
205,D,5,1,203,0
205,D,5,2,204,0
205,D,5,3,146,0
205,D,5,4,98,0
205,D,5,5,127,0
205,D,5,6,51,134
205,D,5,7,129,249
205,D,5,8,14,268
205,D,5,9,10,339
205,D,5,10,1,253
205,D,5,11,1,366
205,D,5,12,2,378
205,D,5,13,0,271
205,D,5,14,0,336
205,D,5,15,0,200
205,D,5,16,0,217
205,D,6,1,249,0
205,D,6,2,331,1
205,D,6,3,196,0
205,D,6,4,174,4
205,D,6,5,185,25
205,D,6,6,110,107
205,D,6,7,149,221
205,D,6,8,30,253
205,D,6,9,15,307
205,D,6,10,16,284
205,D,6,11,7,169
205,D,6,12,11,183
205,D,6,13,2,290
205,D,6,14,2,340
205,D,6,15,0,257
205,D,6,16,0,214
205,D,7,1,343,0
205,D,7,2,199,0
205,D,7,3,252,4
205,D,7,4,302,25
205,D,7,5,122,72
205,D,7,6,33,143
205,D,7,7,147,149
205,D,7,8,32,226
205,D,7,9,56,439
205,D,7,10,9,234
205,D,7,11,12,239
205,D,7,12,13,278
205,D,7,13,7,272
205,D,7,14,1,295
205,D,7,15,0,214
205,D,7,16,0,345
205,D,8,1,298,2
205,D,8,2,384,6
205,D,8,3,184,23
205,D,8,4,175,86
205,D,8,5,79,100
205,D,8,6,51,168
205,D,8,7,209,236
205,D,8,8,28,154
205,D,8,9,17,273
205,D,8,10,6,268
205,D,8,11,43,301
205,D,8,12,25,298
205,D,8,13,8,429
205,D,8,14,15,299
205,D,8,15,0,282
205,D,8,16,0,380
206,D,0,1,50,0
206,D,0,2,0,0
206,D,0,3,0,0
206,D,0,4,0,0
206,D,0,5,0,0
206,D,0,6,0,0
206,D,0,7,0,0
206,D,0,8,0,0
206,D,0,9,0,50
206,D,0,10,0,50
206,D,0,11,0,50
206,D,0,12,0,50
206,D,0,13,0,50
206,D,0,14,0,50
206,D,0,15,0,50
206,D,0,16,0,50
206,D,1,1,0,0
206,D,1,2,15,0
206,D,1,3,20,0
206,D,1,4,0,0
206,D,1,5,0,0
206,D,1,6,0,0
206,D,1,7,0,0
206,D,1,8,0,2
206,D,1,9,0,69
206,D,1,10,0,62
206,D,1,11,0,112
206,D,1,12,0,82
206,D,1,13,0,96
206,D,1,14,0,58
206,D,1,15,0,83
206,D,1,16,0,57
206,D,2,1,124,0
206,D,2,2,35,0
206,D,2,3,46,0
206,D,2,4,33,0
206,D,2,5,8,0
206,D,2,6,0,0
206,D,2,7,0,0
206,D,2,8,0,42
206,D,2,9,0,210
206,D,2,10,0,183
206,D,2,11,0,274
206,D,2,12,0,255
206,D,2,13,0,241
206,D,2,14,0,224
206,D,2,15,0,237
206,D,2,16,0,212
206,D,3,1,201,0
206,D,3,2,118,0
206,D,3,3,68,0
206,D,3,4,102,0
206,D,3,5,26,0
206,D,3,6,15,1
206,D,3,7,0,4
206,D,3,8,0,261
206,D,3,9,0,173
206,D,3,10,0,239
206,D,3,11,0,297
206,D,3,12,0,434
206,D,3,13,0,376
206,D,3,14,0,268
206,D,3,15,0,230
206,D,3,16,0,286
206,D,4,1,109,0
206,D,4,2,74,0
206,D,4,3,90,0
206,D,4,4,67,0
206,D,4,5,75,0
206,D,4,6,40,3
206,D,4,7,22,58
206,D,4,8,1,392
206,D,4,9,0,328
206,D,4,10,0,177
206,D,4,11,0,226
206,D,4,12,0,220
206,D,4,13,0,150
206,D,4,14,0,216
206,D,4,15,0,227
206,D,4,16,0,247
206,D,5,1,174,0
206,D,5,2,177,0
206,D,5,3,170,0
206,D,5,4,168,0
206,D,5,5,121,0
206,D,5,6,99,64
206,D,5,7,45,137
206,D,5,8,11,221
206,D,5,9,9,379
206,D,5,10,1,285
206,D,5,11,0,497
206,D,5,12,0,303
206,D,5,13,0,455
206,D,5,14,0,131
206,D,5,15,0,416
206,D,5,16,0,236
206,D,6,1,166,0
206,D,6,2,266,0
206,D,6,3,160,2
206,D,6,4,221,6
206,D,6,5,257,21
206,D,6,6,32,115
206,D,6,7,45,223
206,D,6,8,16,154
206,D,6,9,7,360
206,D,6,10,1,372
206,D,6,11,1,234
206,D,6,12,2,156
206,D,6,13,0,182
206,D,6,14,0,131
206,D,6,15,0,335
206,D,6,16,0,373
206,D,7,1,231,0
206,D,7,2,259,6
206,D,7,3,183,11
206,D,7,4,199,1
206,D,7,5,251,120
206,D,7,6,70,254
206,D,7,7,57,270
206,D,7,8,3,231
206,D,7,9,20,361
206,D,7,10,0,295
206,D,7,11,7,471
206,D,7,12,0,400
206,D,7,13,2,368
206,D,7,14,1,246
206,D,7,15,0,402
206,D,7,16,0,272
206,D,8,1,249,2
206,D,8,2,209,8
206,D,8,3,255,21
206,D,8,4,160,36
206,D,8,5,167,89
206,D,8,6,65,197
206,D,8,7,63,174
206,D,8,8,29,275
206,D,8,9,24,253
206,D,8,10,5,168
206,D,8,11,10,203
206,D,8,12,8,251
206,D,8,13,0,129
206,D,8,14,0,171
206,D,8,15,0,163
206,D,8,16,0,420
208,D,0,1,50,0
208,D,0,2,0,0
208,D,0,3,0,0
208,D,0,4,0,0
208,D,0,5,0,0
208,D,0,6,0,0
208,D,0,7,0,0
208,D,0,8,0,0
208,D,0,9,0,50
208,D,0,10,0,50
208,D,0,11,0,50
208,D,0,12,0,50
208,D,0,13,0,50
208,D,0,14,0,50
208,D,0,15,0,50
208,D,0,16,0,50
208,D,1,1,27,0
208,D,1,2,29,0
208,D,1,3,10,0
208,D,1,4,0,0
208,D,1,5,0,0
208,D,1,6,0,0
208,D,1,7,0,0
208,D,1,8,0,4
208,D,1,9,0,139
208,D,1,10,0,102
208,D,1,11,0,128
208,D,1,12,0,106
208,D,1,13,0,131
208,D,1,14,0,138
208,D,1,15,0,114
208,D,1,16,0,99
208,D,2,1,112,0
208,D,2,2,63,0
208,D,2,3,74,0
208,D,2,4,12,0
208,D,2,5,0,0
208,D,2,6,0,2
208,D,2,7,0,15
208,D,2,8,0,34
208,D,2,9,0,250
208,D,2,10,0,293
208,D,2,11,0,328
208,D,2,12,0,243
208,D,2,13,0,364
208,D,2,14,0,299
208,D,2,15,0,340
208,D,2,16,0,240
208,D,3,1,111,0
208,D,3,2,172,0
208,D,3,3,79,0
208,D,3,4,21,2
208,D,3,5,41,13
208,D,3,6,22,0
208,D,3,7,3,22
208,D,3,8,0,124
208,D,3,9,0,190
208,D,3,10,0,186
208,D,3,11,0,167
208,D,3,12,0,339
208,D,3,13,0,188
208,D,3,14,0,269
208,D,3,15,0,239
208,D,3,16,0,270
208,D,4,1,76,0
208,D,4,2,62,0
208,D,4,3,73,3
208,D,4,4,70,9
208,D,4,5,63,24
208,D,4,6,31,55
208,D,4,7,8,123
208,D,4,8,0,323
208,D,4,9,0,330
208,D,4,10,0,216
208,D,4,11,0,221
208,D,4,12,0,285
208,D,4,13,0,343
208,D,4,14,0,170
208,D,4,15,0,149
208,D,4,16,0,167
208,D,5,1,298,1
208,D,5,2,108,2
208,D,5,3,108,9
208,D,5,4,162,12
208,D,5,5,208,156
208,D,5,6,61,134
208,D,5,7,10,198
208,D,5,8,0,203
208,D,5,9,0,299
208,D,5,10,0,395
208,D,5,11,1,278
208,D,5,12,0,456
208,D,5,13,0,422
208,D,5,14,0,337
208,D,5,15,0,302
208,D,5,16,0,349
208,D,6,1,298,0
208,D,6,2,256,11
208,D,6,3,232,22
208,D,6,4,131,64
208,D,6,5,125,143
208,D,6,6,6,145
208,D,6,7,12,170
208,D,6,8,12,335
208,D,6,9,9,433
208,D,6,10,0,274
208,D,6,11,23,278
208,D,6,12,9,186
208,D,6,13,15,254
208,D,6,14,4,244
208,D,6,15,0,347
208,D,6,16,0,275
208,D,7,1,339,3
208,D,7,2,270,24
208,D,7,3,213,58
208,D,7,4,123,59
208,D,7,5,122,181
208,D,7,6,39,155
208,D,7,7,25,576
208,D,7,8,8,123
208,D,7,9,9,438
208,D,7,10,18,444
208,D,7,11,15,112
208,D,7,12,8,724
208,D,7,13,20,209
208,D,7,14,9,328
208,D,7,15,1,606
208,D,7,16,6,283
208,D,8,1,367,16
208,D,8,2,199,26
208,D,8,3,243,74
208,D,8,4,100,83
208,D,8,5,30,149
208,D,8,6,23,170
208,D,8,7,37,220
208,D,8,8,60,114
208,D,8,9,18,92
208,D,8,10,10,93
208,D,8,11,28,47
208,D,8,12,58,266
208,D,8,13,43,152
208,D,8,14,11,210
208,D,8,15,30,239
208,D,8,16,9,158
