run,G2,G3,G4,G5,G6,G7,G8,G9,G10,G11,G12,G13,G14,G15,G16,G17,G18,G19,G20,G21,G22,G23,G24,G25,G26,G27,G28,G29,G30,G31,G32,G33,G34,G35,G36,G37,G38,G39,G40,G41,G42,G43,G44,G45,G46,G47,G48,G49,G50,G51,G52,G53,G54,G55,G56,G57,G58,G59,G60,G61,G62,G63,G64,G65,G66,G67,G68,G69,G70,G71,G72,G73,G74,G75,G76,G77,G78,G79,G80,G81,G82,G83,G84,G85,G86,G87,G88,G89,G90,G91,G92,G93,G94,G95,G96,G97,G98,G99,G100
alphamn-0.95,1.153822838,1.477560054,0.497715361,0.431567894,0.401673427,0.348383849,0.318054914,0.288442894,0.263648369,0.243994082,0.23819538,0.223368622,0.210322566,0.201357682,0.191816441,0.189248658,0.183074468,0.174703209,0.169244856,0.163665348,0.164019995,0.160505691,0.155252292,0.15037901,0.151930364,0.148460774,0.144322811,0.145844777,0.142604694,0.13902574,0.135379628,0.136478387,0.133797743,0.131004595,0.131689386,0.129241954,0.12751312,0.128183615,0.126323394,0.126970651,0.124615598,0.123141711,0.123277306,0.121672343,0.119879751,0.121368599,0.118517376,0.116661456,0.114450783,0.116364787,0.114630348,0.115495162,0.113267431,0.111551035,0.112376817,0.111422686,0.109427756,0.107635898,0.109529136,0.107807627,0.106531433,0.10759312,0.106367676,0.106904759,0.105719051,0.105537242,0.106351782,0.105734149,0.104341689,0.102812741,0.104119455,0.1025877,0.10074723,0.10208607,0.101284083,0.101884651,0.100624797,0.099081755,0.100207201,0.098489713,0.097960135,0.096438096,0.097601585,0.096896255,0.097726895,0.096585827,0.095407258,0.097071246,0.095615504,0.094656531,0.09348862,0.094191342,0.093686282,0.092526141,0.093019577,0.092377149,0.091813978,0.092926772,0.091837984
alphamn-0.96,1.145436249,1.480116367,0.484882375,0.42897404,0.400192898,0.344682592,0.321533642,0.286536079,0.261821523,0.244475623,0.227206379,0.223212445,0.211576694,0.201871948,0.193639693,0.19188605,0.184380421,0.179495626,0.171552298,0.165933716,0.165664911,0.161669232,0.156120926,0.157714981,0.151835576,0.148376932,0.144694487,0.146490146,0.142401701,0.138682202,0.13563949,0.136980713,0.134244727,0.135072656,0.132103262,0.12949343,0.127080325,0.127597379,0.125576154,0.123252979,0.124507497,0.123411356,0.123477247,0.122270847,0.120082364,0.121403061,0.119053824,0.116356713,0.118174192,0.115810435,0.114317763,0.115620465,0.113576563,0.111290271,0.112674423,0.111822919,0.110326609,0.108893308,0.110081873,0.110031114,0.109892368,0.108804328,0.107018982,0.107810629,0.105439093,0.104482137,0.105888455,0.104166529,0.103040118,0.104486092,0.103536806,0.101731865,0.103235868,0.101683838,0.100858928,0.10212581,0.100823716,0.099942126,0.100854688,0.099780909,0.100931641,0.09974239,0.098352851,0.099756732,0.097726754,0.09682397,0.096407279,0.097503605,0.096764943,0.097254008,0.095318459,0.094233464,0.092800706,0.093713531,0.093141111,0.092460013,0.093150533,0.092664851,0.091473144
alphamn-0.97,1.12894803,1.486783196,0.500227224,0.433978943,0.401183703,0.348892306,0.321777352,0.290213293,0.263987454,0.244953808,0.239249138,0.223298618,0.212843745,0.201795262,0.191271459,0.190792708,0.182899763,0.17523935,0.168901398,0.163956398,0.164845813,0.16003675,0.156133784,0.156197729,0.152217492,0.147809085,0.144942819,0.145709469,0.143406539,0.140275734,0.14096373,0.139103477,0.135721988,0.136613297,0.133903788,0.132131272,0.132719382,0.130129519,0.126696034,0.128566231,0.125768614,0.123828368,0.124788396,0.122423989,0.120552057,0.12087107,0.120761204,0.118186773,0.114882467,0.116723122,0.114120623,0.114426584,0.113140408,0.112505392,0.110352941,0.112647304,0.113742244,0.111813843,0.110490646,0.110604957,0.109894132,0.108442111,0.10915696,0.108627793,0.106670577,0.107315033,0.106325022,0.104672765,0.105219674,0.104227114,0.102815192,0.103826043,0.103340942,0.101760342,0.10333558,0.102359554,0.100861867,0.100947938,0.099547442,0.098220038,0.097802662,0.096924332,0.095668524,0.096084006,0.095173623,0.094555564,0.095179538,0.094497595,0.093093503,0.093769571,0.09310388,0.093678364,0.092458771,0.09140568,0.092384922,0.090861114,0.090720316,0.091408691,0.08997918
alphamn-0.98,1.15997688,1.483913644,0.496256456,0.4299239,0.400092265,0.345320766,0.31933853,0.287892369,0.261100907,0.243629241,0.23675236,0.222027214,0.211236558,0.199389461,0.190532163,0.188742051,0.181363741,0.175071908,0.169848929,0.169998415,0.165739505,0.161754263,0.156538455,0.155746265,0.151534898,0.147806412,0.143644056,0.145109379,0.142459468,0.140084972,0.140014674,0.13772344,0.134876601,0.136042971,0.133549668,0.131120968,0.131724402,0.129457302,0.127813862,0.128808563,0.125622927,0.124001325,0.124364065,0.122648409,0.119878599,0.121842528,0.119622554,0.118254574,0.119580672,0.117241368,0.115860675,0.117225248,0.115292218,0.113801378,0.115439123,0.112570656,0.111618232,0.112183826,0.110641208,0.111223461,0.109886096,0.108749556,0.106828389,0.108523669,0.107551238,0.108461938,0.107569952,0.106715654,0.106920057,0.105932984,0.105080124,0.105978686,0.105296582,0.103277419,0.103675378,0.102084096,0.100946952,0.101832519,0.100231141,0.099595787,0.100606031,0.099113442,0.098411416,0.09836258,0.097099833,0.096344001,0.097577193,0.09649958,0.09602082,0.096142679,0.094776811,0.094448873,0.095195252,0.093949927,0.092778403,0.094017563,0.093418209,0.092391295,0.093658161
alphamn-0.99,1.147905242,1.455130169,0.494224465,0.438085421,0.404656009,0.346872881,0.319782778,0.29148362,0.266805637,0.247296739,0.240767468,0.226969053,0.214083756,0.203171479,0.193929698,0.193170495,0.186980945,0.178919543,0.172921934,0.166496827,0.167236513,0.16290894,0.157058301,0.15704201,0.153140973,0.149158406,0.149591784,0.144857726,0.143145958,0.143312665,0.140080615,0.136798859,0.133799598,0.13486609,0.132261255,0.130058815,0.129495376,0.127906902,0.129892178,0.12690158,0.12526416,0.126212478,0.12411733,0.122843211,0.122815167,0.120891086,0.120068266,0.119728058,0.118049689,0.115788569,0.117447477,0.116041491,0.114639616,0.112953869,0.115585952,0.113182779,0.114605981,0.112625837,0.111007157,0.111342839,0.109822867,0.108354817,0.109238372,0.107998012,0.106640156,0.106662247,0.105155297,0.10381936,0.104255067,0.103577267,0.102628843,0.103972935,0.104182391,0.102024397,0.103104185,0.102237245,0.10251213,0.102246293,0.100604578,0.099852348,0.099921851,0.098646983,0.099303448,0.098205293,0.097507219,0.096262005,0.098086066,0.096828741,0.097180343,0.096101079,0.094908146,0.095239611,0.094120547,0.093293555,0.094353215,0.093103371,0.092794783,0.09309971,0.092542663
alphamn-1.01,1.147256557,1.494611078,0.491030188,0.432778064,0.405144765,0.347450199,0.323436842,0.291559478,0.266388124,0.24705051,0.241678865,0.225713531,0.213344221,0.204118577,0.195183794,0.19352259,0.1861685,0.178452131,0.172576856,0.17342667,0.167895466,0.162773742,0.158207061,0.158975617,0.153484153,0.150014864,0.149999322,0.147059707,0.142400347,0.139766633,0.141366344,0.138679385,0.135979777,0.136313183,0.133574314,0.134687296,0.13199949,0.129035646,0.126692295,0.128137728,0.125797425,0.124187706,0.125093626,0.123614754,0.124221707,0.121875162,0.122888808,0.121297606,0.119040619,0.117380184,0.117519267,0.116840798,0.117630116,0.115002441,0.113706164,0.112167425,0.113729559,0.110996155,0.109856865,0.110326202,0.108807805,0.110426107,0.109088262,0.108044188,0.108004712,0.107006377,0.105665074,0.106929988,0.1061165,0.105806684,0.104372489,0.103651844,0.102831191,0.103460359,0.102366096,0.101288784,0.101316142,0.100400662,0.099539323,0.100485096,0.099349269,0.099449483,0.098184598,0.097135099,0.097908072,0.097156791,0.09672298,0.097639441,0.096058598,0.09560568,0.096117675,0.095192971,0.09536004,0.094635626,0.093837043,0.092440028,0.093250292,0.092517153,0.093248327
alphamn-1.02,1.153816004,1.482089979,0.486603916,0.432589488,0.397963979,0.347955015,0.319217656,0.290818481,0.264352095,0.247367087,0.239945131,0.22588773,0.212930313,0.202671323,0.198886835,0.19003709,0.18397845,0.177864457,0.171104047,0.170558202,0.165382599,0.161179626,0.160441547,0.155902493,0.152343266,0.148320169,0.150113166,0.146233493,0.142997793,0.143861353,0.141418478,0.138168837,0.138887268,0.135547346,0.133245361,0.133360871,0.131215206,0.12847485,0.129831136,0.127485088,0.125276116,0.125111079,0.123567947,0.121185939,0.122618611,0.120992582,0.122500477,0.119641088,0.118200064,0.119129457,0.11807699,0.116005555,0.116947881,0.116400537,0.117357066,0.116337551,0.113989545,0.114582793,0.112442738,0.111028311,0.112459459,0.111283904,0.112025178,0.111189282,0.110071138,0.109090319,0.109794686,0.108009054,0.106453893,0.107776177,0.106260299,0.107361268,0.106861762,0.105111098,0.106461504,0.105285768,0.103804999,0.105378199,0.103417057,0.101995678,0.102686177,0.101367423,0.100385945,0.100901733,0.09951513,0.098736038,0.099795181,0.098521441,0.099141585,0.097415268,0.097203152,0.098071437,0.097401991,0.096200491,0.095844733,0.095669855,0.095010506,0.095312041,0.094372998
alphamn-1.03,1.143600767,1.495375378,0.493884365,0.431316237,0.402932399,0.347863108,0.322072981,0.289063468,0.26449721,0.245944924,0.239977077,0.226320317,0.214102004,0.203264637,0.193692316,0.193263858,0.185326299,0.178029429,0.17263156,0.172155914,0.166350066,0.161136301,0.162136551,0.157253231,0.153366958,0.150829835,0.150934237,0.147547188,0.145220894,0.144478805,0.141637746,0.138340019,0.139247131,0.137034799,0.133097422,0.134704698,0.132597153,0.129399908,0.130678251,0.127406521,0.128748085,0.126526345,0.124163528,0.125766317,0.1240039,0.121502138,0.123419067,0.122533305,0.122743054,0.1203973,0.118917713,0.119344825,0.117851441,0.116242097,0.116312381,0.116110947,0.114862684,0.115858908,0.114735573,0.113523739,0.114375596,0.112041489,0.110815256,0.111607124,0.109586452,0.11021598,0.108894968,0.107095111,0.10849106,0.107430427,0.105752373,0.106801879,0.105856574,0.106042602,0.104234401,0.10320465,0.102146174,0.102545368,0.101980509,0.103107503,0.101658538,0.100020634,0.100477063,0.098959075,0.097874026,0.099105037,0.098288384,0.097577992,0.098702352,0.09710276,0.09812792,0.097155793,0.095692676,0.096640806,0.094731795,0.094261576,0.094771372,0.09329481,0.092586949
alphamn-1.04,1.151547135,1.47741814,0.492688875,0.435326015,0.403224622,0.346272204,0.32069869,0.292557704,0.265810974,0.248020189,0.240704409,0.224935441,0.213411596,0.20242326,0.19477278,0.191964618,0.186282715,0.179466368,0.178851364,0.172596239,0.167520196,0.162512983,0.161736621,0.15870955,0.153495845,0.149603577,0.150080146,0.145891925,0.142715803,0.143366592,0.140883856,0.138044408,0.138845739,0.136760576,0.134333027,0.135806145,0.132362799,0.133483271,0.130709553,0.128445474,0.128511877,0.126524836,0.12453298,0.125830839,0.123475203,0.124417354,0.123402253,0.121037591,0.121103387,0.119577901,0.118093608,0.118714373,0.117508349,0.118652622,0.117263954,0.115194454,0.112908078,0.113063117,0.11162376,0.112283863,0.111396871,0.10995309,0.110888973,0.110064026,0.110359826,0.109050475,0.108343787,0.108370368,0.106831969,0.105896619,0.106429347,0.106370288,0.10487265,0.105431856,0.104917301,0.10338799,0.103352945,0.102712969,0.101448071,0.10228382,0.100407685,0.098962128,0.099180293,0.09841091,0.097330846,0.097945435,0.096939957,0.097054883,0.0963322,0.095154428,0.09642102,0.095528493,0.096425222,0.095618795,0.094843714,0.095216669,0.094118427,0.093176651,0.091990336
alphamn-1.05,1.143256193,1.480132346,0.495565074,0.43328309,0.403194803,0.348913102,0.320675665,0.287831419,0.266057052,0.250043068,0.239805334,0.225266429,0.214521207,0.202660803,0.199173156,0.190958424,0.183962345,0.176214224,0.170350291,0.170975702,0.165559756,0.165181779,0.16039496,0.157242259,0.152596376,0.154060708,0.149190239,0.145752682,0.146432855,0.143234498,0.140071542,0.14063407,0.138732953,0.134859497,0.135977848,0.1340462,0.130991949,0.132189143,0.128587207,0.127050237,0.128311093,0.126002889,0.123539308,0.124668764,0.122784017,0.123610479,0.121521242,0.119402961,0.120641624,0.118909554,0.117369569,0.119018216,0.116729728,0.117357151,0.115708176,0.114778536,0.115842028,0.114345738,0.115461146,0.115113357,0.112694954,0.114741838,0.11367933,0.112133076,0.112962522,0.111294766,0.110828267,0.111290771,0.110063269,0.108564793,0.110054575,0.109213057,0.107324594,0.108434242,0.106274945,0.106367938,0.105084136,0.103539472,0.105192212,0.104182842,0.102980063,0.103176032,0.102789416,0.101004914,0.101510633,0.100318723,0.099634318,0.100739083,0.0994464,0.100159378,0.099156117,0.098232522,0.096395397,0.097093627,0.096753099,0.09743079,0.096864119,0.095239851,0.09597429
alphamn-1,1.146260652,1.483620772,0.492692937,0.431458731,0.401272071,0.34494775,0.321030789,0.290509838,0.268279367,0.246277257,0.239463812,0.224480205,0.213936402,0.202095746,0.193615387,0.191107935,0.183479635,0.176152713,0.169377862,0.168416282,0.163552018,0.160799264,0.15633002,0.156717733,0.151963659,0.148106941,0.148966215,0.146658493,0.142895677,0.139366487,0.140447289,0.138502178,0.134985171,0.136306286,0.133342504,0.130775606,0.130820255,0.128997713,0.126102936,0.127440783,0.125947263,0.126438208,0.124931728,0.122609359,0.122861307,0.120774875,0.118803166,0.118927719,0.117449697,0.11528085,0.116013364,0.114903509,0.113034443,0.114223344,0.112581797,0.113237663,0.111975469,0.110468083,0.111522244,0.109525167,0.108083181,0.108771413,0.107176146,0.105541335,0.106850432,0.10620478,0.107025418,0.10564229,0.104162347,0.105256402,0.103520202,0.102191092,0.103710854,0.101930481,0.100721688,0.101988766,0.101219924,0.099842588,0.1011761,0.09956299,0.099695131,0.100286689,0.099376029,0.100085215,0.099174226,0.09773247,0.096810182,0.097863946,0.096806303,0.095592376,0.096505199,0.09574602,0.096159068,0.095841834,0.0942262,0.09540752,0.094647263,0.093537585,0.094470714
alphanm-0.95,1.149397659,1.490894779,0.489694394,0.431726742,0.395228664,0.340723328,0.316247311,0.285633779,0.27139087,0.250641388,0.23410385,0.227028692,0.21632165,0.206497838,0.201613462,0.192621705,0.191611107,0.184679466,0.177565955,0.176887531,0.17105333,0.170174111,0.16488519,0.16634374,0.160788376,0.155798911,0.15461293,0.150453738,0.150966371,0.147206087,0.147341874,0.143876808,0.145036371,0.141147686,0.142671125,0.139027625,0.13980599,0.136013421,0.136331387,0.133709751,0.13491891,0.131057911,0.132008979,0.1296765,0.130132575,0.128115146,0.129148194,0.126197174,0.127829689,0.124767943,0.125120383,0.123085816,0.122461663,0.12120971,0.122004107,0.120111437,0.11772942,0.118967915,0.119227184,0.11702615,0.117166004,0.115104168,0.115789061,0.114056759,0.115556267,0.112468919,0.113408915,0.112080583,0.11236627,0.111050097,0.111774804,0.110223085,0.11105298,0.108720539,0.106862925,0.106952866,0.107906245,0.106348469,0.104726505,0.10533019,0.105948011,0.104832242,0.104748674,0.103270422,0.101339622,0.101760933,0.102839661,0.101888431,0.102410441,0.10130444,0.101812957,0.100023768,0.101275207,0.100207927,0.100097579,0.098692105,0.100110016,0.098822969,0.096375542
alphanm-0.96,1.145243163,1.461119171,0.490337522,0.426362722,0.396128832,0.341504132,0.317172525,0.28432043,0.259544616,0.252496058,0.232017388,0.218223967,0.216553581,0.203977959,0.194390236,0.192819623,0.183968683,0.1769278,0.176688557,0.171013508,0.171015779,0.165557544,0.16012253,0.159931465,0.155440635,0.155087397,0.152420608,0.153797467,0.148215285,0.145028815,0.145678943,0.141917311,0.141928313,0.138522127,0.140381263,0.135895458,0.13735761,0.136195893,0.135886695,0.133762391,0.1335163,0.13048808,0.13163345,0.12909221,0.126535387,0.127234109,0.125376161,0.125329897,0.123794865,0.124054886,0.121797311,0.12373632,0.121484305,0.122937619,0.120494199,0.120650652,0.118457703,0.119370552,0.117438583,0.117803947,0.116903837,0.117352039,0.115220226,0.112812767,0.113892469,0.111190264,0.112076465,0.110544451,0.111201823,0.109949237,0.111392812,0.109300094,0.109217735,0.107941087,0.107969532,0.107114112,0.108194198,0.107189922,0.105784815,0.10653946,0.105422048,0.104838163,0.104203101,0.105157374,0.103240569,0.101639603,0.102307424,0.100863537,0.102154821,0.102688211,0.101436798,0.099575208,0.100263602,0.099225262,0.100141456,0.099131935,0.099250613,0.097700058,0.098865666
alphanm-0.97,1.15319107,1.468066776,0.494973561,0.432093136,0.394552734,0.340972114,0.314954978,0.284896569,0.260878597,0.250670139,0.235805141,0.220492413,0.216719906,0.205579673,0.196062164,0.186060608,0.186046679,0.177154836,0.170749736,0.172079053,0.166533723,0.166218149,0.160837377,0.155954676,0.155624447,0.152139979,0.153560954,0.149189341,0.145512311,0.144904379,0.142975835,0.14250552,0.138858135,0.140160616,0.136525472,0.137028373,0.134937018,0.131609764,0.133988312,0.129628665,0.130396741,0.128089673,0.128758857,0.126446558,0.1242131,0.124854488,0.122876059,0.123837342,0.121591708,0.121999064,0.120009714,0.120440322,0.118997643,0.116622936,0.117126184,0.116887286,0.117332619,0.116021617,0.115496636,0.113705753,0.111735008,0.111984993,0.110492064,0.11066447,0.109393344,0.110051616,0.108053547,0.106601814,0.107496756,0.107927772,0.106505033,0.105420896,0.10596281,0.105618468,0.106171186,0.104492487,0.106446816,0.104085867,0.10549466,0.103984477,0.103077606,0.102812889,0.101792106,0.102631128,0.101371711,0.100081044,0.10071075,0.099521902,0.100220415,0.09921791,0.100837137,0.099169398,0.100239466,0.099336273,0.098119631,0.098068697,0.097648797,0.09838864,0.096976132
alphanm-0.98,1.153927431,1.482501968,0.494086721,0.434296903,0.396651772,0.344897345,0.317784756,0.287806929,0.264083008,0.24383237,0.238722322,0.224067511,0.211306319,0.207812443,0.19764413,0.190605015,0.183652038,0.180462189,0.176721635,0.170932975,0.171000344,0.166091173,0.160077769,0.161440899,0.156147804,0.151847334,0.152168785,0.147484279,0.147193631,0.143422281,0.140034555,0.140637615,0.13788866,0.138563394,0.135709065,0.133450371,0.133544168,0.131023614,0.132308017,0.130408466,0.12767858,0.128418132,0.126021574,0.127845267,0.12571097,0.12377701,0.123795544,0.121502601,0.121905897,0.119407856,0.118188047,0.119413751,0.118095958,0.118716037,0.11735369,0.11852613,0.11740761,0.114871631,0.115666402,0.114018219,0.115180138,0.112239003,0.113644712,0.112573583,0.110148814,0.111330361,0.109377933,0.110224035,0.109627049,0.107901704,0.109574288,0.108112931,0.109183051,0.107860553,0.105827494,0.106824012,0.105539154,0.105963267,0.105012131,0.103517324,0.10403058,0.102956072,0.103933014,0.102230148,0.101324478,0.10208378,0.101527895,0.102373203,0.101157706,0.101926598,0.100324867,0.099448846,0.101278508,0.099580362,0.09957912,0.098198523,0.097189722,0.098398907,0.096617222
alphanm-0.99,1.154129873,1.472892232,0.488934912,0.430507477,0.398782839,0.344569245,0.319221819,0.289117781,0.265414607,0.245662627,0.235709314,0.223231999,0.210246466,0.200290805,0.197705054,0.18998277,0.182867748,0.176573458,0.174237706,0.170084291,0.164379378,0.164456133,0.159653962,0.155131616,0.155263704,0.152123778,0.14807279,0.148289546,0.144136748,0.141805754,0.142833544,0.139623959,0.137003353,0.137582072,0.135353808,0.132421884,0.132950278,0.130138641,0.130721847,0.129314522,0.12737684,0.128578946,0.12583791,0.123891093,0.125461982,0.123492651,0.124429138,0.123250747,0.120752178,0.120393945,0.118073132,0.118722982,0.117199482,0.115618981,0.113453362,0.113678067,0.112450251,0.111796084,0.110508491,0.108804022,0.110129537,0.109056539,0.109380411,0.108005138,0.106822563,0.107119618,0.105371755,0.106883664,0.105419218,0.104513311,0.105796357,0.104491796,0.104368438,0.10421756,0.103308472,0.103725775,0.102073829,0.10039691,0.101174581,0.100489546,0.098890679,0.099835668,0.099214655,0.099862988,0.098160271,0.099155912,0.098383584,0.097098597,0.096603899,0.097408208,0.096418325,0.098090108,0.09709995,0.097518631,0.096357159,0.094452652,0.095388587,0.09395644,0.092859163
alphanm-1.01,1.157313108,1.470401898,0.497180569,0.442310572,0.401210377,0.348955235,0.324941919,0.294580119,0.267647576,0.24909192,0.230841681,0.225876729,0.212812346,0.202963334,0.194816255,0.187104142,0.178969122,0.179384049,0.172122875,0.166966173,0.161406102,0.161829854,0.157231242,0.153535841,0.149368846,0.149878065,0.145867013,0.143180387,0.14014789,0.142129633,0.138764876,0.135832486,0.136979506,0.134585182,0.131870697,0.133922221,0.130508017,0.128901804,0.129845616,0.126959915,0.124961384,0.122573927,0.123800061,0.121755487,0.120443716,0.121605034,0.118954314,0.117472639,0.117260509,0.116922054,0.114613673,0.115348868,0.113853127,0.11148838,0.112465477,0.110723485,0.109209487,0.109972348,0.109113333,0.107766807,0.105946224,0.106359694,0.105709391,0.106640682,0.106286318,0.105017369,0.106208372,0.104527476,0.103088612,0.103832018,0.102578937,0.101591942,0.102730396,0.101405369,0.100374304,0.10121227,0.100229168,0.099469892,0.099671598,0.0987514,0.097837506,0.097095224,0.097829676,0.096666255,0.0960277,0.096425499,0.095644607,0.095972984,0.09529811,0.0940504,0.095161404,0.093653883,0.092939094,0.091853466,0.092290775,0.091536519,0.091061208,0.091425936,0.091257617
alphanm-1.02,1.157960742,1.46915033,0.493911453,0.437496113,0.400400897,0.348978611,0.310001258,0.295267641,0.268528659,0.250040658,0.233165224,0.221138511,0.216579962,0.207506642,0.197322777,0.188560398,0.181236943,0.175496812,0.174893658,0.169419362,0.162796596,0.158142574,0.15469126,0.155512113,0.151441218,0.147187821,0.14359139,0.144643194,0.140863103,0.138048183,0.136482696,0.136637072,0.133672799,0.130762573,0.128597703,0.129195632,0.12691441,0.125026505,0.125868364,0.124433207,0.121545758,0.119549536,0.120863754,0.119084722,0.117504851,0.118032469,0.116861304,0.115470416,0.114319165,0.115297473,0.114069647,0.112727564,0.114434571,0.113155954,0.111772025,0.110116635,0.11042413,0.108973046,0.107636496,0.107073432,0.108325734,0.106617216,0.105740526,0.106484933,0.10507082,0.103455246,0.102351898,0.103529952,0.102642904,0.101825073,0.102965522,0.101903839,0.101802197,0.102140232,0.101021882,0.100141049,0.098565141,0.099413872,0.098651946,0.097569146,0.096717199,0.097004333,0.096368265,0.095705326,0.096422148,0.095830884,0.094680451,0.093561949,0.094004805,0.09307579,0.09295363,0.092067812,0.09261367,0.092290989,0.091269585,0.092140099,0.091014433,0.090052142,0.089397109
alphanm-1.03,1.1439639,1.465977072,0.495935245,0.433233118,0.401790062,0.347051474,0.307998483,0.291638078,0.270223237,0.248875081,0.232158207,0.21998625,0.208574838,0.205532749,0.196024624,0.189971883,0.183233149,0.17646772,0.170613281,0.169035645,0.164654461,0.161786684,0.156970568,0.151070203,0.148776849,0.14949303,0.147160843,0.144446486,0.141298798,0.141177344,0.138180698,0.135477877,0.132682801,0.130028636,0.128251666,0.129479446,0.12857535,0.125853695,0.124114116,0.125097163,0.123164007,0.122145098,0.120824136,0.121934386,0.120281545,0.118569849,0.116752998,0.117938214,0.115755802,0.113886284,0.112926034,0.11409424,0.113133391,0.110632694,0.109696978,0.110935792,0.109038714,0.107554964,0.106251696,0.106958289,0.106048762,0.10495371,0.106673898,0.105691448,0.104730267,0.103490911,0.104392414,0.102929994,0.101634197,0.103115488,0.102666071,0.101663059,0.100736632,0.101515536,0.100711097,0.100491207,0.099003517,0.10077494,0.098447572,0.097277819,0.096472523,0.097637853,0.096973925,0.095894832,0.095565551,0.096619495,0.096128016,0.095025257,0.096096764,0.095517382,0.094097936,0.093461777,0.094269713,0.092797182,0.09275274,0.092194906,0.09310849,0.092438936,0.09178571
alphanm-1.04,1.146417971,1.482863009,0.499178855,0.433339275,0.405568218,0.347829848,0.312865827,0.295596313,0.27046903,0.251160691,0.237139419,0.223246072,0.211065346,0.199703304,0.192681761,0.185031097,0.184427331,0.178189145,0.172118811,0.167355389,0.161746017,0.15708849,0.153348903,0.149149253,0.149410681,0.147135715,0.143453189,0.140484715,0.137999304,0.138893362,0.136138093,0.134566249,0.132231746,0.129997026,0.127749867,0.128246758,0.12655138,0.12460276,0.121703971,0.119933004,0.121270756,0.119437005,0.117783591,0.116619772,0.114987546,0.113035323,0.114397242,0.111961048,0.111644577,0.112992556,0.111450206,0.10988937,0.108719861,0.107380812,0.108421139,0.107607699,0.106860511,0.105981373,0.106870627,0.105581137,0.103547905,0.10270072,0.104560777,0.10281678,0.101884356,0.101162906,0.100757541,0.102597233,0.101178564,0.100551475,0.099838928,0.100336987,0.099089808,0.098453067,0.097325481,0.096563303,0.097950194,0.096294978,0.095359278,0.094644389,0.095280967,0.094800858,0.093962003,0.09362092,0.09290408,0.094203475,0.093644431,0.092949704,0.09210378,0.091338849,0.091598264,0.091281865,0.090707358,0.089915551,0.090330077,0.089411552,0.089413061,0.088535884,0.087908746
alphanm-1.05,1.155144974,1.481996855,0.502012451,0.437299311,0.403136066,0.352848458,0.314632019,0.294900471,0.271351891,0.253336505,0.236697836,0.224648009,0.212274777,0.20458799,0.194474132,0.186131524,0.180180725,0.174982672,0.169552932,0.169277064,0.165984745,0.160792201,0.156302431,0.152959331,0.14972337,0.146082267,0.143356461,0.144374407,0.140338312,0.138784071,0.136550523,0.135140338,0.133334866,0.130359394,0.128612865,0.129889065,0.127276321,0.126744319,0.123664173,0.121890168,0.120065227,0.122000897,0.120335758,0.118966981,0.117426905,0.115216421,0.113817192,0.112486019,0.11386537,0.111522744,0.110395879,0.109721592,0.107754849,0.106615487,0.108289985,0.107131541,0.106004471,0.105207428,0.106514831,0.10600406,0.104827472,0.103228814,0.102123566,0.103125751,0.102986454,0.101872217,0.10067323,0.100242876,0.101210604,0.100349192,0.099554553,0.099080953,0.098208546,0.097011857,0.09850736,0.097682692,0.097626659,0.096009055,0.095308179,0.096808342,0.096376962,0.095180113,0.093932333,0.093494249,0.092680925,0.093910631,0.093049809,0.09259359,0.09147653,0.092599646,0.09166467,0.091146898,0.09022162,0.089664094,0.088240087,0.088905549,0.086897882,0.088092128,0.08711739
alphanm-1,1.15839026,1.487399368,0.488191779,0.434620413,0.401705968,0.347361179,0.319929312,0.289464804,0.265757955,0.244796927,0.237891341,0.223787315,0.212206053,0.202899377,0.193527609,0.191252545,0.18498532,0.176931908,0.171618048,0.171493666,0.166674911,0.161834628,0.156589295,0.156691849,0.152492981,0.14945006,0.149598441,0.145842772,0.142279212,0.143255523,0.139309943,0.13710992,0.138791024,0.136442112,0.132983807,0.133737934,0.130995698,0.128034364,0.12980997,0.126769506,0.12547084,0.126029114,0.123757664,0.12189992,0.123370274,0.121311363,0.118976112,0.119574539,0.118444611,0.115723195,0.117087734,0.115454579,0.116526511,0.114633688,0.112949158,0.114821759,0.113430253,0.112172969,0.113914902,0.112431266,0.110421827,0.111294804,0.109734824,0.110089654,0.108839843,0.107755432,0.106332116,0.106579022,0.106158545,0.104406832,0.104462214,0.10429153,0.104786105,0.103640277,0.102871445,0.102607115,0.102208303,0.100816031,0.101019364,0.099194814,0.097975292,0.097898981,0.096794161,0.096456899,0.09766684,0.09675732,0.095538042,0.096547382,0.095767674,0.09636515,0.095341666,0.094356696,0.095423867,0.094268078,0.095105848,0.094314415,0.094142171,0.093931498,0.093463539
Fm-0.95,1.147485787,1.454526991,0.502450224,0.435004464,0.403293482,0.343674694,0.320645557,0.290714848,0.26402242,0.244233687,0.237933306,0.224154926,0.211740557,0.201374877,0.192154589,0.190792571,0.182718789,0.175856324,0.169904097,0.170384949,0.165245625,0.159314088,0.159540869,0.155605288,0.151508878,0.146645021,0.146837038,0.143260633,0.140334565,0.140879534,0.139047556,0.139981846,0.136767544,0.134075475,0.130919764,0.132253367,0.129954241,0.127615011,0.127902797,0.125871591,0.123029546,0.124214411,0.122293845,0.12344379,0.122285847,0.121022293,0.120752493,0.119353754,0.117503677,0.118506945,0.117047696,0.115678903,0.113605906,0.114896064,0.113551242,0.114245898,0.112871555,0.113283288,0.112442668,0.111248933,0.111159745,0.108878024,0.107654464,0.10839506,0.107016456,0.10534568,0.106227289,0.104830778,0.105675728,0.104619446,0.103893849,0.104387058,0.102987497,0.101090271,0.101777237,0.100932144,0.100152135,0.100977048,0.099818976,0.097876677,0.099199436,0.098205686,0.099700179,0.098672937,0.098209656,0.097443742,0.096225409,0.094704077,0.095494752,0.094546614,0.093749625,0.094673928,0.09340891,0.094233395,0.093264928,0.092526345,0.093044012,0.092384814,0.091435761
Fm-0.96,1.147550997,1.464913638,0.504956397,0.429314237,0.399290097,0.345283201,0.320312147,0.28805519,0.263518064,0.244352036,0.237358955,0.223292962,0.210707546,0.198969047,0.192151885,0.190539016,0.182907604,0.177114991,0.175651811,0.17079327,0.165199224,0.159876505,0.154693963,0.155375064,0.150239533,0.1456598,0.147032849,0.143881226,0.140973114,0.14186232,0.139251172,0.136349058,0.137911192,0.1352039,0.132714157,0.132868482,0.131698007,0.128066215,0.12986727,0.126674819,0.128089485,0.126067309,0.123401942,0.124817533,0.123387951,0.120462291,0.120882436,0.119828835,0.11764858,0.115719398,0.116955717,0.116169391,0.1173995,0.116530416,0.114188873,0.114217201,0.112676238,0.110883107,0.110590466,0.108822877,0.107016817,0.108297814,0.106656452,0.108002492,0.107010707,0.107338102,0.10599,0.104646263,0.105004003,0.104166362,0.102978761,0.103663261,0.101726813,0.100604583,0.100701495,0.099403181,0.100356771,0.099333675,0.097819641,0.098074952,0.09773356,0.096226062,0.097586529,0.096009821,0.096527147,0.095750959,0.095088364,0.095567569,0.094585974,0.093598017,0.094066179,0.093845547,0.092321021,0.093202482,0.092299847,0.093116658,0.09207143,0.0915467,0.091816267
Fm-0.97,1.150093422,1.479684079,0.499922215,0.431735016,0.401916453,0.346809964,0.322874165,0.290648997,0.263402502,0.24478285,0.239441442,0.225361758,0.212595815,0.202856112,0.194773508,0.193277968,0.184044966,0.177742237,0.170849532,0.169846454,0.164066997,0.159128498,0.154551203,0.156061632,0.151150402,0.147111157,0.148803668,0.144150048,0.140386687,0.142149368,0.13849047,0.135173633,0.137408316,0.13372834,0.131397571,0.132177878,0.129719101,0.127105552,0.127635056,0.125733529,0.124056469,0.125215216,0.123136852,0.120109371,0.120987873,0.118437398,0.118934904,0.117386012,0.11596715,0.117087934,0.115218157,0.115929065,0.114809183,0.113146896,0.110732647,0.111366409,0.110696785,0.111669028,0.110747443,0.110065271,0.110579164,0.109208287,0.110693763,0.109031618,0.107688756,0.106101281,0.106882685,0.105723804,0.104678711,0.105077002,0.103758352,0.102298304,0.102789024,0.10143136,0.102291151,0.101452164,0.099980696,0.10134192,0.100266206,0.098958974,0.099894055,0.098882748,0.097140866,0.098727006,0.096857445,0.097414903,0.096933144,0.096069356,0.094825694,0.095660305,0.095057618,0.095501376,0.094600727,0.09300086,0.09438971,0.093453997,0.093654222,0.093594856,0.092617261
Fm-0.98,1.155971076,1.475530746,0.495284251,0.435605747,0.403641728,0.348779681,0.321077494,0.291080425,0.266900935,0.248005814,0.240181582,0.224594119,0.212297349,0.201372578,0.199878629,0.190698913,0.183485852,0.179824293,0.172575266,0.171298933,0.167100109,0.161365955,0.156926806,0.157998744,0.153322443,0.148749424,0.149696072,0.146720622,0.142478021,0.143593063,0.140715006,0.138030967,0.139187296,0.135651739,0.133483745,0.135416799,0.132067788,0.131450573,0.131879798,0.129076861,0.126794717,0.127820649,0.125843425,0.123691085,0.125378625,0.122895993,0.120771127,0.121459738,0.120136457,0.118843951,0.120352866,0.117982558,0.118265138,0.116886236,0.114424089,0.115160472,0.114226596,0.112313623,0.113562816,0.111996595,0.110231706,0.111340816,0.110520656,0.108486442,0.110376497,0.10784358,0.108643949,0.106506261,0.105066262,0.106182279,0.10544525,0.103776698,0.104533456,0.103078392,0.102667161,0.102846181,0.101849187,0.10034403,0.10161297,0.100324155,0.101098853,0.10053128,0.099670107,0.099793367,0.098927473,0.097376996,0.098053438,0.097219106,0.095772188,0.096591519,0.095927862,0.097010909,0.095480461,0.094133035,0.095710311,0.094352963,0.093091493,0.092303245,0.092775714
Fm-0.99,1.158363438,1.501455206,0.497596353,0.431024317,0.403443673,0.348411945,0.318539782,0.289828375,0.265016708,0.244551275,0.237926395,0.224689929,0.211644315,0.200498794,0.191741377,0.189610477,0.182527821,0.175297785,0.169945612,0.168978759,0.165820192,0.161049235,0.155957441,0.156077092,0.150852251,0.14789424,0.148977058,0.145560146,0.144017738,0.146339548,0.141451016,0.138097097,0.139843665,0.137227847,0.134602077,0.134574766,0.132030253,0.130318851,0.131467443,0.128715768,0.126347335,0.127530799,0.124639183,0.123896429,0.124241555,0.122466205,0.120623884,0.121736394,0.119142199,0.117017889,0.118014178,0.116157482,0.116980152,0.11487635,0.113395047,0.11490977,0.113891636,0.112413855,0.112863769,0.111107659,0.110648968,0.110887888,0.109680936,0.111066255,0.109581818,0.108154665,0.106538968,0.107987527,0.106330483,0.104765226,0.106565742,0.10502629,0.106432975,0.104703332,0.103856935,0.105570782,0.104185452,0.105067951,0.10343937,0.102168242,0.100797188,0.101544455,0.100036725,0.100916113,0.099849079,0.099630789,0.098176328,0.099167445,0.097907426,0.096474346,0.097281029,0.096793772,0.095617364,0.096058742,0.09561822,0.096712329,0.095277023,0.094219619,0.095312163
Fm-1.01,1.144474701,1.479369181,0.489260502,0.436172942,0.40148506,0.343641015,0.322231819,0.291836416,0.267446922,0.249803921,0.242399236,0.229750679,0.215266494,0.204642555,0.196031819,0.192671124,0.185131558,0.178235722,0.170976093,0.171985524,0.166517346,0.161877174,0.156774585,0.156732168,0.153658373,0.149530744,0.146204391,0.146590832,0.143793375,0.139829548,0.141449215,0.138710777,0.139143768,0.136931875,0.133633385,0.134494247,0.132247194,0.129264076,0.130375753,0.128525578,0.12585127,0.126707606,0.12502814,0.122574193,0.124069433,0.121878857,0.120372656,0.120776502,0.119074995,0.116837339,0.117078788,0.115544288,0.113685147,0.114382959,0.112974741,0.113428118,0.112792723,0.110223778,0.111519049,0.11029823,0.108810435,0.109429043,0.107733762,0.106109823,0.106197558,0.105313937,0.103658512,0.105178541,0.102945579,0.103724402,0.102923161,0.10187366,0.102364829,0.101920468,0.100790942,0.101879461,0.101110622,0.100123364,0.10057609,0.099428828,0.097743805,0.098473948,0.097080709,0.09626761,0.097649237,0.096697859,0.097787058,0.096159775,0.095524972,0.096313005,0.095215019,0.094507376,0.09454373,0.093803559,0.092737466,0.09314573,0.09274692,0.091679712,0.092733576
Fm-1.02,1.156214427,1.509440133,0.487161066,0.432849064,0.402896886,0.346140462,0.321172063,0.288237859,0.266914841,0.247496305,0.229774721,0.229497837,0.215410057,0.205658045,0.195813512,0.193363909,0.186267536,0.17887758,0.173954731,0.174161522,0.168601485,0.163576204,0.158695215,0.153456635,0.155312069,0.150434148,0.146190126,0.147649494,0.144259665,0.141634243,0.142889923,0.139344725,0.136595371,0.137241848,0.135480881,0.132748247,0.133090906,0.131351427,0.128936503,0.129635545,0.127983146,0.12872281,0.126745888,0.124123625,0.1254503,0.122426474,0.120117021,0.118986481,0.119565795,0.11750111,0.1161292,0.117233173,0.116057828,0.115996487,0.114446718,0.113439963,0.114244271,0.112016184,0.110137125,0.110859093,0.109620366,0.108676726,0.109827631,0.108303014,0.107490029,0.109121281,0.107680781,0.107621624,0.106722296,0.105271073,0.106351914,0.10435597,0.103743849,0.102424581,0.10343145,0.102020882,0.102838128,0.10138366,0.100970626,0.101387186,0.100727016,0.099542754,0.099741473,0.09850006,0.09808815,0.098711964,0.097873995,0.096794034,0.098146,0.097358152,0.097918415,0.096625531,0.095132036,0.094994238,0.095563698,0.09515887,0.094088184,0.094989415,0.093756157
Fm-1.03,1.156506679,1.494473685,0.487965276,0.431605722,0.400982225,0.350026227,0.322217626,0.290421611,0.269643876,0.247144721,0.238759689,0.226914231,0.213524454,0.203382185,0.194583622,0.194099137,0.185618712,0.179268298,0.173162084,0.172241628,0.168094972,0.16430282,0.158973456,0.160221977,0.155042989,0.150931724,0.146620909,0.147910798,0.14382805,0.139965535,0.142198292,0.137499424,0.135495026,0.135287545,0.133386711,0.131114585,0.13206889,0.129777465,0.131393419,0.128866363,0.127082559,0.127220301,0.125084553,0.122124506,0.121083921,0.121973299,0.119514788,0.120442723,0.11818388,0.116042911,0.114813415,0.115677799,0.114248849,0.11460002,0.113078973,0.112003593,0.112698627,0.110650351,0.109187222,0.110737369,0.108578662,0.108033337,0.108570196,0.107147685,0.108114293,0.107216162,0.105318401,0.103876792,0.104637167,0.103581587,0.104160717,0.103591581,0.102215547,0.102929534,0.102101139,0.100901146,0.101759334,0.100638796,0.099741601,0.100337709,0.099230678,0.098364277,0.098165526,0.098146152,0.097041214,0.097524219,0.096414,0.095056974,0.096435253,0.095429243,0.093683204,0.094621982,0.093529779,0.092719655,0.093635464,0.09332465,0.093766331,0.093873701,0.092737122
Fm-1.04,1.144379432,1.492891656,0.494213952,0.439406157,0.400498978,0.346177093,0.323157665,0.292100882,0.267153361,0.247025583,0.241313741,0.227069011,0.216600223,0.206276329,0.195775645,0.194975198,0.186201245,0.180466497,0.17261259,0.167826563,0.168239763,0.164564355,0.159755622,0.159928754,0.155422616,0.151928121,0.153383862,0.149741116,0.145908523,0.142590016,0.143711984,0.14080523,0.137973545,0.138572229,0.135642733,0.133064205,0.133918647,0.131904626,0.129072635,0.130960573,0.12868715,0.126728871,0.128105343,0.126742986,0.124150467,0.125090571,0.123733552,0.123573436,0.12254106,0.120107529,0.121774776,0.119212226,0.117482731,0.117738423,0.115587003,0.11444796,0.115309299,0.113730185,0.112360501,0.113509626,0.112225128,0.110978113,0.111299994,0.109640853,0.111045236,0.10995587,0.108381716,0.106609434,0.10770782,0.107220088,0.105842925,0.106435216,0.105095194,0.104321502,0.104002194,0.103949517,0.103782621,0.10255443,0.101118339,0.099830205,0.100670709,0.100035453,0.099931403,0.098992457,0.098392182,0.098445229,0.097887702,0.097606423,0.096442079,0.096954973,0.096129429,0.096515264,0.095623853,0.094895977,0.095501151,0.094184023,0.093633609,0.095070752,0.093614136
Fm-1.05,1.163594595,1.506443247,0.491115951,0.436172485,0.403828264,0.352815939,0.3257345,0.293674269,0.270866981,0.248149965,0.240466502,0.228778405,0.215150475,0.203701054,0.195832163,0.193588265,0.186350896,0.181917541,0.174505805,0.176277866,0.169973258,0.163983613,0.159294728,0.158805872,0.155336577,0.151593769,0.153036905,0.150212567,0.1468653,0.143496901,0.144298518,0.140878405,0.138427738,0.139411653,0.135153379,0.132682952,0.133267205,0.131547094,0.129406866,0.130215257,0.128885737,0.126054632,0.127340523,0.124901113,0.12348805,0.124444347,0.121926372,0.119430933,0.121249145,0.120106789,0.118186164,0.119402079,0.117163471,0.115117424,0.115784648,0.113998392,0.112957082,0.114183376,0.112519321,0.114570708,0.112100555,0.109212341,0.110681094,0.109055382,0.107430765,0.108267256,0.107654702,0.106216813,0.107691124,0.106109627,0.104932117,0.105694691,0.103315842,0.103136726,0.103880957,0.103452177,0.103784172,0.102532305,0.101402642,0.100523721,0.102122542,0.1007279,0.101362811,0.100568869,0.09968679,0.100446619,0.099908631,0.098621608,0.099153627,0.098323283,0.097032447,0.098142474,0.096489838,0.095723614,0.095013804,0.096118486,0.094930513,0.093352748,0.094877434
Fm-1,1.161440297,1.485517167,0.489103296,0.437061021,0.402304827,0.346394846,0.323889242,0.288521292,0.264460016,0.247162109,0.240872487,0.225869176,0.213274594,0.204577072,0.195201508,0.191799357,0.185292147,0.178979554,0.173126309,0.173960755,0.167818279,0.161122963,0.162317235,0.15771792,0.153642572,0.149882333,0.151436747,0.147647212,0.145130087,0.140426746,0.141027365,0.137811143,0.137752468,0.135708632,0.13262887,0.133150266,0.131301107,0.12870561,0.130241162,0.127966297,0.125739574,0.126649252,0.124536649,0.12227826,0.123480741,0.122275745,0.120460443,0.122138815,0.120101351,0.118106496,0.118782775,0.117072421,0.114351127,0.116008858,0.114269195,0.116002526,0.114007117,0.112449673,0.110878451,0.111498653,0.110149239,0.110806083,0.109158558,0.110291692,0.1089451,0.107578364,0.108018343,0.107638883,0.106487217,0.104906429,0.106497687,0.10535865,0.105906702,0.104640749,0.103096125,0.10160803,0.102233764,0.100468057,0.102024626,0.101137315,0.100775914,0.101423622,0.100458801,0.100120508,0.100286683,0.099900118,0.098194035,0.09867226,0.097310058,0.098367017,0.097513629,0.096953987,0.095396787,0.095517561,0.095008205,0.096183285,0.09544586,0.094685085,0.095099725
Fn-0.95,1.160377034,1.447674434,0.511896734,0.455187486,0.413462442,0.36113485,0.320602053,0.302351818,0.279624288,0.261043785,0.243235895,0.230245804,0.22605206,0.216022101,0.205815601,0.197455901,0.190294719,0.189801033,0.183926606,0.177938422,0.173218487,0.167153388,0.168818128,0.164465093,0.159994543,0.156038225,0.158370738,0.153866299,0.151099358,0.148350057,0.149249114,0.146718142,0.142764178,0.143467465,0.141579332,0.138531114,0.139880084,0.137628964,0.135752726,0.132682787,0.133899238,0.132163584,0.130294719,0.131741365,0.129847881,0.12849363,0.128809188,0.126540853,0.125025539,0.123542871,0.125104873,0.123018823,0.12215364,0.123765931,0.121155322,0.119707178,0.120260958,0.118868143,0.117631897,0.118211147,0.116329787,0.115453299,0.113976003,0.114813613,0.113434508,0.112178772,0.11012267,0.111876516,0.110093491,0.110963962,0.110762004,0.109661471,0.110209818,0.109215113,0.10798279,0.109305323,0.108518591,0.107539345,0.10615487,0.107354863,0.105902428,0.103691361,0.103429393,0.103566399,0.102544944,0.101190433,0.101797026,0.101440689,0.100370746,0.100840092,0.100475977,0.099384766,0.098565339,0.099080492,0.097529551,0.097675537,0.09886763,0.097643124,0.097170106
Fn-0.96,1.158193652,1.461898674,0.516383701,0.447643081,0.416896549,0.360251022,0.321330052,0.306334076,0.279526053,0.259530581,0.243091107,0.238420322,0.224146075,0.212627104,0.203678852,0.195321899,0.189035723,0.188211476,0.182837901,0.176641258,0.171915559,0.171799095,0.168180711,0.162839912,0.158340609,0.159403813,0.156093382,0.152409704,0.153370457,0.150675537,0.148383505,0.145464139,0.146353057,0.143614559,0.140473305,0.138187589,0.13907474,0.137052985,0.134775049,0.134635282,0.132046568,0.129655003,0.130373119,0.128610082,0.125983388,0.127338895,0.12615459,0.12460926,0.126355627,0.123483501,0.121679313,0.123295707,0.120675726,0.119594086,0.117273907,0.119735412,0.117857294,0.119231622,0.118520363,0.116923319,0.118547669,0.116314984,0.11483988,0.116035908,0.114192473,0.112671624,0.111324076,0.11260756,0.110702062,0.110002728,0.110847451,0.109551545,0.108721485,0.110301438,0.11002318,0.108538242,0.11031397,0.109236734,0.108125285,0.106735482,0.107576518,0.106023219,0.105734664,0.106913835,0.105475749,0.104571135,0.105551824,0.104935151,0.103001688,0.102243019,0.102906389,0.10259209,0.100859328,0.101352728,0.10056394,0.099621701,0.098898715,0.099623797,0.099119848
Fn-0.97,1.152113334,1.470080114,0.499081657,0.442417605,0.411925477,0.356324653,0.329363097,0.296508949,0.27272591,0.254249894,0.238457651,0.234154456,0.222741983,0.211466831,0.202432655,0.194981739,0.19385735,0.187060276,0.181148455,0.174870539,0.175474856,0.170050245,0.166143231,0.16098828,0.16238092,0.157246219,0.153421066,0.150536571,0.151348064,0.14749016,0.145114992,0.145167244,0.14219958,0.139281063,0.13634447,0.136911093,0.13464589,0.131903662,0.133260583,0.131113469,0.129100508,0.130783061,0.127527582,0.125927898,0.126462819,0.124286744,0.122329452,0.123953973,0.121955085,0.119878798,0.120990736,0.119419953,0.118133129,0.119092253,0.11699868,0.114469602,0.115019626,0.112927344,0.112387111,0.113429068,0.112272883,0.111533805,0.112054798,0.110996959,0.11001927,0.110432617,0.109586239,0.107954361,0.108792188,0.107581048,0.106708687,0.105479924,0.106546265,0.104670504,0.103434804,0.104671275,0.102721863,0.102372421,0.103093677,0.101631927,0.100687775,0.101201977,0.100574236,0.099110058,0.100250271,0.09869164,0.097424471,0.098683301,0.0979092,0.096940342,0.097932668,0.097145972,0.095713153,0.096709909,0.095925545,0.094494441,0.096020889,0.09562318,0.095110878
Fn-0.98,1.153407492,1.446064142,0.4993753,0.440162556,0.405411619,0.352133124,0.32598841,0.292700472,0.272144505,0.253398586,0.235940405,0.231303789,0.219008355,0.209012135,0.199515197,0.191784681,0.190103356,0.183167978,0.176395181,0.170260057,0.171749484,0.166275434,0.161634668,0.157084957,0.158134728,0.154460247,0.151419223,0.152988374,0.150595938,0.146614632,0.142639083,0.143660412,0.142120748,0.138344918,0.138889528,0.136610446,0.134119787,0.134627094,0.132841496,0.131080778,0.132893684,0.130853604,0.128149129,0.130351641,0.127993049,0.124747413,0.126136009,0.123289455,0.121396288,0.121917055,0.12159311,0.118861353,0.119532274,0.118202608,0.116658247,0.117771088,0.116001471,0.115205335,0.116172008,0.113957804,0.11221262,0.112564602,0.111223209,0.109651156,0.110503063,0.10896276,0.108150454,0.109348621,0.108302641,0.108260869,0.107148761,0.10487964,0.104606463,0.10503195,0.103078984,0.102071485,0.103213843,0.101930183,0.100797049,0.101255818,0.100922149,0.099622856,0.101132159,0.099761209,0.098871739,0.098599918,0.098209261,0.09727283,0.099076654,0.098055552,0.096986309,0.097648455,0.097153345,0.095878332,0.09707701,0.096147893,0.094965717,0.096025424,0.095006145
Fn-0.99,1.157454793,1.483396361,0.503368659,0.436622275,0.404819255,0.349000719,0.327620175,0.297187428,0.269510656,0.252419469,0.24339616,0.228309921,0.216811455,0.207451538,0.197520776,0.188791252,0.188194183,0.181280633,0.17517917,0.175080112,0.1696362,0.164636079,0.160094874,0.156187334,0.156123198,0.153339421,0.149054399,0.149628075,0.145716501,0.142115127,0.142332952,0.139633237,0.136335791,0.136910969,0.134604077,0.133002349,0.130020562,0.131198397,0.130110614,0.126797721,0.128428928,0.126078373,0.124720592,0.12617216,0.123990806,0.12155246,0.121489807,0.12085479,0.121978107,0.121136703,0.118802357,0.120207105,0.117669926,0.117261866,0.1142097,0.115674437,0.11402049,0.114882815,0.113070246,0.112154331,0.112559071,0.110652732,0.108397963,0.108764976,0.107934381,0.106394957,0.107756852,0.10580782,0.104496565,0.105652574,0.10435173,0.102438707,0.103771072,0.102520349,0.101638434,0.101699608,0.100252682,0.101073908,0.100204531,0.099337114,0.097720197,0.098578488,0.098246726,0.098257267,0.097810274,0.096452766,0.097300348,0.096284521,0.095926638,0.096306721,0.095003719,0.094447189,0.094458828,0.093542242,0.093277789,0.092287329,0.092895065,0.09228585,0.092898617
Fn-1.01,1.144937293,1.488612657,0.486846269,0.431688261,0.397318933,0.342595529,0.320828307,0.290154159,0.265533791,0.244731206,0.237931775,0.224292342,0.210687923,0.202248707,0.192855376,0.192241175,0.183962012,0.177725563,0.171021634,0.171346727,0.16553785,0.16005944,0.160214512,0.155534926,0.151390673,0.147471966,0.149194334,0.145574765,0.142993682,0.143374749,0.140830515,0.137246551,0.138042647,0.134473933,0.132019254,0.133386951,0.130573637,0.12742769,0.128425785,0.126725613,0.125158778,0.12502319,0.123738026,0.121785823,0.121605675,0.120354687,0.118377346,0.119080379,0.117097162,0.115385578,0.115816973,0.114763825,0.115436648,0.113973041,0.111912291,0.112784136,0.111969005,0.112493558,0.110381312,0.108911106,0.108449253,0.108724049,0.106265386,0.107231166,0.105705934,0.104518983,0.105818955,0.104074655,0.104537344,0.103683669,0.102320659,0.101135106,0.102559867,0.100565907,0.099369675,0.100517184,0.099800696,0.099706709,0.098813481,0.099597629,0.098533567,0.097398893,0.096066996,0.097388079,0.096364102,0.094920143,0.09573609,0.094055234,0.094717135,0.094443621,0.093822367,0.094498747,0.093721925,0.092881834,0.09358216,0.092209016,0.093290643,0.092696615,0.092049431
Fn-1.02,1.1485656,1.499258617,0.483799147,0.42610256,0.396718985,0.339163336,0.313005021,0.284284713,0.259842821,0.253091843,0.235095038,0.222522086,0.208061768,0.198199315,0.197693779,0.187110121,0.17935582,0.173435187,0.172300221,0.16796031,0.162702136,0.163520653,0.158024475,0.153455024,0.149160858,0.149290453,0.145297361,0.141710743,0.141597757,0.138920809,0.136985552,0.13733545,0.133096447,0.131178397,0.131332928,0.128991148,0.126790907,0.12790952,0.126132255,0.127191539,0.125140284,0.123798573,0.123516625,0.121493573,0.118976864,0.120349572,0.118748813,0.119471099,0.11793923,0.116405633,0.117189291,0.11639985,0.113526198,0.113954374,0.113132808,0.112563791,0.111564436,0.109852278,0.111209074,0.108813614,0.110011977,0.108367523,0.107138872,0.106033654,0.106941101,0.106004295,0.107287974,0.105759517,0.104677018,0.104770612,0.103738692,0.103893128,0.102441979,0.100928263,0.100127141,0.100603438,0.099433822,0.097954409,0.098608094,0.096870306,0.09811818,0.09699108,0.095204913,0.096706654,0.095964099,0.096127157,0.095387182,0.094299637,0.095751501,0.094053749,0.093143927,0.093821679,0.092526206,0.091905081,0.093236683,0.092104845,0.092445009,0.091269732,0.090842835
Fn-1.03,1.146838787,1.499245018,0.488113773,0.428110426,0.390734969,0.337244283,0.311201252,0.278325136,0.257299303,0.238608017,0.232123716,0.21725585,0.204547741,0.1946785,0.192007431,0.184291867,0.177138479,0.170228882,0.169945369,0.164032903,0.159769346,0.159553035,0.156031041,0.150550663,0.146887207,0.146909016,0.143287929,0.139867757,0.140314881,0.137147963,0.133624171,0.134339547,0.130677951,0.129052005,0.129472747,0.126433009,0.123778138,0.124692248,0.123099937,0.1238342,0.120983834,0.120634351,0.119575187,0.118480701,0.119323674,0.117512767,0.115144711,0.114805284,0.113078393,0.115206446,0.113983175,0.112587275,0.112327459,0.111178063,0.111494599,0.109242196,0.107515035,0.109094742,0.107900342,0.10824814,0.106989522,0.10538617,0.103384112,0.10302091,0.1021429,0.102513202,0.10128999,0.100144081,0.100980766,0.099386579,0.100507425,0.098851308,0.098479672,0.099710576,0.098048994,0.098224821,0.097514905,0.096605399,0.09730814,0.096031984,0.09530483,0.095034342,0.094280225,0.09526602,0.094144325,0.094323954,0.093298921,0.092246723,0.093533498,0.092992908,0.091355588,0.092282097,0.091345555,0.091488942,0.090456221,0.09030525,0.088555579,0.089143541,0.089216177
Fn-1.04,1.157689694,1.502690346,0.485335494,0.419385721,0.387632286,0.333992935,0.310232749,0.279441705,0.255876129,0.244605732,0.228135301,0.214964627,0.203602478,0.193140307,0.190731155,0.183492039,0.174980805,0.171959172,0.168745362,0.162647829,0.157816275,0.157712639,0.152612515,0.147377673,0.14608559,0.142788424,0.139052935,0.141261664,0.136934075,0.134139542,0.134267248,0.131121181,0.128793318,0.129536843,0.127151006,0.128574468,0.125709021,0.123753703,0.124884033,0.12347243,0.123565401,0.121427834,0.119241062,0.119819,0.118061213,0.115901317,0.117300368,0.11478378,0.115784887,0.114016447,0.111879617,0.112969193,0.11036686,0.108585056,0.109280488,0.108131376,0.109120178,0.10815825,0.108746346,0.10787952,0.106173271,0.107344631,0.106014442,0.107458766,0.106004735,0.10393099,0.104897353,0.104387605,0.104674453,0.103415883,0.101483624,0.102339544,0.100503435,0.099972612,0.100476357,0.098973949,0.097138918,0.097950203,0.097323832,0.098312244,0.097063347,0.09566936,0.096044765,0.094914891,0.095879021,0.094249131,0.093221225,0.094165494,0.092599376,0.09141064,0.092334275,0.091226153,0.092063944,0.091338387,0.090380753,0.091410661,0.091168287,0.089552976,0.089935801
Fn-1.05,1.156395191,1.490422983,0.480232128,0.418658837,0.384921718,0.33082106,0.305223156,0.275932296,0.252292701,0.244474285,0.228412465,0.214533973,0.200496436,0.197453384,0.188834855,0.180088385,0.172084665,0.171248398,0.165494002,0.160528965,0.161199373,0.156587177,0.15017326,0.146580831,0.146889217,0.14323455,0.138890202,0.139361223,0.135606905,0.135783701,0.133953881,0.12958062,0.132252236,0.128444889,0.124947429,0.126456124,0.123902041,0.124884437,0.122840604,0.119699268,0.120840029,0.118796481,0.119402428,0.116825059,0.114751511,0.116148467,0.113278251,0.114678391,0.112478818,0.114369936,0.111179997,0.110346446,0.111212158,0.109016563,0.108032292,0.108567335,0.106568215,0.108109418,0.106788544,0.106845199,0.105330022,0.104676363,0.105990168,0.105162694,0.105840213,0.103837619,0.102522907,0.10340144,0.101577189,0.099966641,0.100991675,0.098961936,0.099570926,0.098945153,0.096737065,0.097776515,0.097208077,0.098138332,0.096472901,0.097035947,0.095752681,0.095331778,0.09575734,0.094319473,0.092681052,0.094017131,0.093163401,0.094072372,0.092438794,0.093133732,0.092470371,0.090503222,0.091006173,0.089894285,0.088837344,0.08904713,0.088411268,0.089509667,0.087979562
Fn-1,1.162549096,1.470727617,0.488270804,0.43605153,0.401364706,0.348278022,0.318539695,0.290080441,0.266337662,0.245609284,0.239121939,0.22249282,0.21285216,0.202946224,0.19373432,0.191887286,0.183957686,0.178028491,0.178956053,0.171347102,0.166396942,0.161180498,0.161108683,0.157479282,0.15366662,0.148475377,0.150548494,0.147539106,0.14323217,0.143775236,0.140710849,0.137011566,0.137574873,0.134339576,0.131459574,0.133128256,0.129868471,0.128741545,0.129730513,0.128323211,0.126505126,0.127171585,0.124709879,0.122583403,0.123275773,0.120313561,0.119155055,0.119569899,0.117893648,0.116498491,0.117304149,0.115198699,0.117512609,0.115857882,0.113835938,0.115045617,0.1129327,0.111987038,0.111381704,0.110039523,0.108158652,0.106704158,0.10791379,0.106634498,0.108063259,0.106001476,0.10666887,0.105546915,0.104799898,0.10486707,0.10429522,0.103355828,0.10432037,0.103043012,0.102211504,0.102974763,0.102152896,0.101181274,0.101538538,0.100331223,0.099448228,0.100743975,0.09942482,0.10028365,0.098497227,0.097834603,0.098110972,0.097093498,0.097036108,0.098014323,0.096597944,0.095082839,0.095512966,0.094835533,0.093931808,0.095302288,0.094459042,0.093680435,0.094659556
alphamn-0.75,1.142430339,1.481366466,0.484886112,0.426841812,0.393526529,0.340395829,0.311477874,0.28085909,0.257649851,0.238773946,0.223925611,0.207235417,0.203820682,0.194022358,0.185130501,0.178191367,0.169879869,0.16436287,0.163714529,0.158107539,0.154173451,0.14840447,0.144135373,0.145030904,0.140402242,0.13651961,0.134044446,0.130763599,0.131403684,0.129239175,0.126278877,0.123564143,0.124606961,0.122161904,0.119882072,0.117772543,0.118307807,0.116501784,0.114678472,0.113386397,0.114491252,0.112222558,0.109719249,0.108247921,0.109418727,0.107614021,0.106440385,0.106901539,0.10570279,0.103295958,0.104284375,0.102046463,0.100740648,0.099252524,0.101034139,0.099228106,0.098398807,0.096509179,0.097719552,0.096126918,0.095273884,0.094228386,0.095643962,0.094329975,0.093287766,0.094427339,0.093165883,0.091275989,0.092443793,0.090817919,0.089983832,0.08901291,0.089288043,0.088912645,0.087706324,0.086543808,0.085766131,0.086431597,0.085214861,0.08433721,0.08467136,0.084144332,0.083104421,0.082202167,0.083153541,0.082180654,0.081175665,0.081671624,0.081338328,0.080355789,0.079782887,0.080579374,0.079517704,0.080869693,0.079746756,0.078770217,0.077831409,0.077326371,0.077775474
alphamn-1.25,1.152001111,1.485310478,0.497740546,0.437232014,0.408286024,0.349041846,0.324335609,0.295142076,0.272516524,0.251041963,0.24356965,0.231674387,0.222896853,0.209691736,0.207847441,0.201355284,0.192537241,0.18998648,0.185973239,0.179771661,0.179132356,0.174477989,0.170562078,0.169996639,0.166092205,0.161745972,0.162760858,0.158763576,0.155479192,0.155136987,0.151903599,0.148888693,0.149942688,0.147544754,0.147911227,0.147039542,0.147377527,0.145139772,0.142093246,0.143304552,0.140896197,0.138515949,0.139872077,0.136345803,0.136814928,0.134033211,0.132391752,0.134009189,0.131024803,0.132511307,0.130769809,0.132294743,0.130642416,0.130640493,0.129061785,0.127184336,0.128896877,0.126765634,0.125308053,0.126483363,0.12410193,0.124780073,0.123885464,0.124899762,0.124077311,0.122796377,0.12341443,0.122144844,0.119641833,0.120613788,0.119418438,0.11919548,0.118296139,0.11890644,0.116164526,0.115710115,0.11703609,0.115832588,0.115925666,0.115483946,0.114575515,0.114508486,0.113875434,0.115888005,0.11351624,0.111894411,0.112770311,0.111460122,0.111529361,0.110601729,0.108874626,0.109678973,0.108350565,0.109540036,0.108890752,0.107999433,0.108547896,0.106842918,0.107832615
alphanm-0.75,1.141793246,1.474102368,0.487625152,0.420879959,0.376324428,0.340712727,0.313140339,0.291978501,0.263935817,0.250672282,0.241595653,0.235655995,0.227455761,0.222313509,0.216173376,0.213560529,0.20686953,0.203186243,0.197180029,0.195159749,0.191747902,0.191228075,0.189268421,0.185650937,0.182261403,0.179854087,0.177908627,0.176132523,0.174499944,0.173533268,0.171581466,0.170368227,0.168257355,0.167080923,0.164668749,0.162816904,0.161904004,0.161535375,0.159536465,0.158300361,0.155459781,0.154235494,0.152847579,0.151581796,0.151154409,0.14952045,0.148107563,0.146607117,0.145208124,0.144596837,0.144642448,0.143454652,0.14126313,0.139637718,0.139514841,0.138821196,0.137953761,0.135994777,0.135858795,0.134055208,0.13483269,0.134794521,0.133242119,0.13325618,0.130995986,0.130026699,0.13085505,0.128505645,0.128095564,0.128331821,0.127949047,0.128088576,0.127238255,0.126633872,0.12544828,0.123420494,0.123582753,0.123221923,0.121656399,NA,NA,NA,NA,NA,NA,NA,NA,NA,NA,NA,NA,NA,NA,NA,NA,NA,NA,NA,NA
alphanm-1.25,1.150132114,1.498811917,0.498588386,0.447607292,0.419616284,0.366352816,0.333436683,0.294290075,0.271485555,0.25659895,0.242804027,0.224340235,0.215339911,0.201332896,0.195066961,0.185878343,0.181463199,0.172901129,0.170855129,0.162561468,0.160194931,0.153459814,0.14777428,0.145246212,0.139570003,0.135673676,0.133947384,0.13025757,0.126388288,0.125549452,0.121298244,0.118872612,0.117819808,0.115138394,0.112317738,0.111697419,0.109647269,0.106467801,0.104632554,0.104808626,0.102421442,0.100287833,0.097794695,0.097940583,0.095548216,0.094117371,0.092867631,0.093086007,0.091459488,0.090025937,0.088438709,0.086373909,0.086503217,0.085380034,0.084316978,0.083241293,0.081449007,0.081353939,0.080157233,0.079414498,0.07889977,0.077860247,0.077919599,0.0771463,0.075847164,0.075187326,0.075304894,0.074263587,0.073484174,0.072588453,0.071609187,0.07083922,0.069858101,0.069789065,0.069041439,0.068218742,0.067590486,0.067077465,0.066342705,0.066446451,0.065576381,0.065206022,0.064359243,0.064146116,0.063157572,0.062747337,0.062846534,0.062290595,0.061645908,0.061289552,0.061057031,0.060198659,0.05964675,0.059388246,0.058823052,0.058891198,0.058749588,0.058052232,0.05783803
Fm-0.75,1.156883232,1.345719353,0.568934209,0.422068475,0.398669438,0.340370974,0.314916397,0.282752993,0.256882246,0.247794603,0.231248376,0.216525615,0.210128144,0.200923008,0.192829654,0.183380506,0.183762581,0.175921928,0.169196404,0.167340962,0.159808917,0.160550752,0.156762603,0.150622461,0.151215335,0.146050951,0.146799986,0.143023356,0.144024407,0.140721404,0.137151943,0.137949818,0.133763397,0.134311083,0.131307133,0.128470554,0.129366825,0.1273558,0.12701991,0.124242213,0.125422366,0.122817036,0.12348497,0.121605099,0.122051806,0.120588462,0.120462159,0.118717477,0.116176668,0.117525345,0.114038774,0.114783485,0.112793343,0.113888748,0.11142717,0.112173803,0.11131779,0.112603643,0.110706345,0.110218896,0.109107857,0.109492861,0.108710492,0.106591339,0.107708621,0.105717937,0.105653349,0.104868791,0.105277761,0.103055159,0.103803016,0.103001938,0.103642964,0.102046092,0.102456636,0.101358282,0.100483244,0.101519106,0.099804526,0.100958883,0.099491455,0.100253541,0.099569908,0.097699707,0.098929274,0.099259497,0.097835534,0.096080846,0.09646314,0.095322756,0.095919061,0.094811019,0.095919905,0.094614793,0.095032327,0.093456718,0.094207233,0.093401712,0.092694929
Fm-1.25,1.152041725,1.574488064,0.505318749,0.447910621,0.409912976,0.359701708,0.33253276,0.303764593,0.276174359,0.256171389,0.252807715,0.238476153,0.223221093,0.213652071,0.203994082,0.202274587,0.195092237,0.188029115,0.179665435,0.180615932,0.174564777,0.169244069,0.171938739,0.166845312,0.163213875,0.163061878,0.158608992,0.155121911,0.156862537,0.152776399,0.149931342,0.152725074,0.148472171,0.145940581,0.147043219,0.143753098,0.1404146,0.141257657,0.138851847,0.13763189,0.138344682,0.135471222,0.133684713,0.135163722,0.133029732,0.131173724,0.133132101,0.130669829,0.128575814,0.129137351,0.126875384,0.126045423,0.126134849,0.12463857,0.124526419,0.125779713,0.124431642,0.125092221,0.123286174,0.121361604,0.118459711,0.120044198,0.119395963,0.116965474,0.118201289,0.116964903,0.117855241,0.11644853,0.114273383,0.114725151,0.113865939,0.112604699,0.113733985,0.111161352,0.110353095,0.108824937,0.110091266,0.108510761,0.109056011,0.108152952,0.107709035,0.106790375,0.108666092,0.107955111,0.107431603,0.106911792,0.105320926,0.105774643,0.105236173,0.104028545,0.103978529,0.102916549,0.101775318,0.100029296,0.101271504,0.100099325,0.09900616,0.09931357,0.09868421
Fn-0.75,1.154192756,0.970921946,0.594450359,0.540476345,0.47756392,0.444544268,0.397371497,0.364177088,0.335210877,0.315258543,0.292952476,0.278948116,0.265670909,0.253696681,0.245780549,0.236975541,0.230091742,0.221708517,0.216396883,0.220140857,0.212753801,0.20807553,0.202223778,0.197926426,0.195055371,0.191528776,0.188514315,0.185633015,0.182370369,0.185739488,0.183161778,0.179615058,0.177037434,0.173526561,0.172519621,0.168509144,0.166157356,0.1637458,0.167708484,0.165065173,0.164062945,0.161357281,0.160051018,0.157223484,0.155314423,0.157239301,0.155376137,0.154067984,0.152302765,0.151609972,0.150423279,0.14954341,0.14781431,0.150346328,0.148265805,0.146306754,0.145419728,0.142613217,0.141360002,0.139512369,0.137861903,0.141324734,0.139639002,0.138357514,0.136915589,0.13615198,0.134750966,0.132248471,0.134283558,0.133788696,0.132929158,0.132084525,0.131211775,0.131229662,0.130283215,0.131919323,0.129799265,0.129318806,0.12882625,0.127403086,0.12564311,0.124902145,0.126971262,0.127123679,0.126143482,0.125140214,0.123597528,0.122197522,0.121995741,0.120567728,0.123113471,0.122272704,0.121963243,0.121526718,0.119993635,0.119304843,0.118318045,0.117642936,0.118743021
Fn-1.25,1.131598152,1.566153066,0.406048552,0.34643647,0.318990567,0.285825658,0.251531176,0.23444257,0.21315692,0.201492302,0.188766224,0.176429119,0.172690919,0.162495077,0.159018842,0.151746573,0.145345937,0.143659802,0.138835949,0.137127047,0.13216825,0.130850584,0.126189907,0.120999277,0.121474865,0.121567505,0.117991238,0.117662806,0.112723764,0.112106177,0.109772899,0.109485944,0.106487177,0.107164962,0.104326331,0.104538373,0.104559615,0.102986011,0.102111884,0.101345118,0.099608145,0.096714409,0.096455158,0.097199551,0.095106055,0.09579893,0.094568651,0.094469627,0.095186148,0.093023478,0.093122677,0.093139735,0.091226875,0.09108764,0.089825339,0.089458692,0.088109528,0.088278256,0.088974625,0.08764047,0.087975854,0.08772685,0.085437108,0.085154428,0.08362868,0.084321627,0.082430649,0.082629468,0.082898959,0.081754415,0.08177061,0.081266746,0.080742827,0.081333552,0.079883922,0.080853011,0.081216727,0.079517565,0.079863476,NA,NA,NA,NA,NA,NA,NA,NA,NA,NA,NA,NA,NA,NA,NA,NA,NA,NA,NA,NA
